zip,zip_lat,zip_lon,nearest_node,node_zone,dist_miles,coord_quality,lmp_2020,lmp_2021,lmp_2022,lmp_2023,lmp_2024,lmp_2025,pct_chg_2020_2025
07001,40.58396,-74.2697,SEWAREN,PSEG,1.85,exact,18.11,18.66,20.44,21.75,18.37,21.97,21.3
07002,40.66249,-74.1102,GRENVIL,PSEG,1.83,fuzzy,18.22,22.2,23.12,26.02,18.87,22.19,21.8
07003,40.80914,-74.18714,COOKRD,PSEG,0.5,fuzzy,18.195,24.25,23.26,25.745,18.79,22.12,21.6
07004,40.88251,-74.30459,WCALDWEL,PSEG,3.28,manual_town,18.135,17.73,19.88,24.52,18.56,22.01,21.4
07005,40.93035,-74.41112,TAYLORLN,JCPL,0.63,fuzzy,18.2,17.99,20.05,23.89,17.99,22.13,21.6
07006,40.85119,-74.28287,WCALDWEL,PSEG,0.85,manual_town,18.135,17.73,19.88,24.52,18.56,22.01,21.4
07008,40.58379,-74.22746,LINDEN,PSEG,1.97,exact,18.1825,20.7,21.83,26.2225,18.75,22.1025,21.6
07009,40.85802,-74.22978,CEDAR,AECO,0.9,exact,18.12,18.27,20.09,23.74,17.82,21.92,21.0
07010,40.82205,-73.98794,CLIFFS,PSEG,0.41,manual_town,,,,,,22.21,
07011,40.88043,-74.14325,KULLERRD,PSEG,1.12,fuzzy,18.23,25.11,25.065,26.13,18.995,22.21,21.8
07012,40.8469,-74.16054,ATHENIA,PSEG,1.04,exact,18.26,25.175,24.9,26.2275,19.0275,22.1925,21.5
07013,40.86941,-74.17306,CLIF PS,PSEG,0.67,manual_town,18.22,25.99,25.43,26.48,18.87,22.14,21.5
07014,40.83134,-74.13542,LINVFT,PSEG,0.6,manual_town,18.19,19.37,21.0,26.03,18.69,22.1,21.5
07016,40.65755,-74.30363,STANLEYT,PSEG,0.25,manual_town,18.16,18.88,20.64,25.19,18.63,22.07,21.5
07017,40.77192,-74.20708,QTS,PSEG,0.78,manual_town,18.18,17.85,19.98,23.71,18.25,22.11,21.6
07018,40.75573,-74.21792,MINUEST,PSEG,0.45,manual_town,18.16,19.26,20.89,26.64,18.57,22.02,21.3
07020,40.82465,-73.97379,CLIFFS,PSEG,1.17,manual_town,,,,,,22.21,
07021,40.8281,-74.27623,WCALDWEL,PSEG,0.79,manual_town,18.135,17.73,19.88,24.52,18.56,22.01,21.4
07022,40.82111,-74.00303,CLIFFS,PSEG,0.38,manual_town,,,,,,22.21,
07023,40.6417,-74.38569,FANWOOD,PSEG,0.46,exact,18.12,17.71,19.85,23.24,18.4,21.97,21.2
07024,40.85064,-73.97101,LEONIA,PSEG,1.61,exact,18.25,24.77,24.68,26.26,18.94,22.2,21.6
07026,40.8798,-74.10825,PLAUDERV,PSEG,1.11,fuzzy,,,,26.1,19.01,22.22,
07027,40.65133,-74.32315,STANLEYT,PSEG,1.34,manual_town,18.16,18.88,20.64,25.19,18.63,22.07,21.5
07028,40.8048,-74.20457,COOKRD,PSEG,1.46,fuzzy,18.195,24.25,23.26,25.745,18.79,22.12,21.6
07029,40.74362,-74.1549,TEXAVE,PSEG,0.73,manual_town,,,,23.39,17.73,21.77,
07030,40.74525,-74.02793,MADISNPS,PSEG,0.61,fuzzy,,23.93,23.75,26.07,18.91,22.22,
07031,40.78626,-74.12622,KINGSLAN,PSEG,0.55,fuzzy,18.194,23.17,23.325,25.805,18.81,22.14,21.7
07032,40.75233,-74.12309,TURNPIKE,PSEG,0.65,exact,18.19,23.135,22.97,25.715,18.8,22.14,21.7
07033,40.67809,-74.28811,ALDENE,PSEG,1.52,exact,18.15,18.76,20.56,25.24,18.61,22.05,21.5
07034,40.87948,-74.3801,MONTVILL,JCPL,2.46,fuzzy,18.09,16.84,19.35,24.28,18.39,22.0,21.6
07035,40.9275,-74.30833,SADDLEBR,PSEG,2.94,manual_town,18.23,25.55,25.07,26.31,18.91,22.16,21.6
07036,40.62471,-74.23936,LINDEN,PSEG,1.09,exact,18.1825,20.7,21.83,26.2225,18.75,22.1025,21.6
07039,40.78583,-74.3291,LIVINGPS,PSEG,0.81,manual_town,,,,,,21.99,
07040,40.73361,-74.27116,VAUXHALL,PSEG,2.75,exact,,,20.64,25.39,18.68,22.12,
07041,40.72245,-74.30155,VAUXHALL,PSEG,3.19,exact,,,20.64,25.39,18.68,22.12,
07042,40.81349,-74.21901,COOKRD,PSEG,2.13,fuzzy,18.195,24.25,23.26,25.745,18.79,22.12,21.6
07043,40.84484,-74.2005,CEDAR,AECO,1.79,exact,18.12,18.27,20.09,23.74,17.82,21.92,21.0
07044,40.83247,-74.24286,WCALDWEL,PSEG,1.9,manual_town,18.135,17.73,19.88,24.52,18.56,22.01,21.4
07045,40.90694,-74.36561,MONTVILL,JCPL,0.43,fuzzy,18.09,16.84,19.35,24.28,18.39,22.0,21.6
07046,40.89085,-74.44203,TAYLORLN,JCPL,3.65,fuzzy,18.2,17.99,20.05,23.89,17.99,22.13,21.6
07047,40.79364,-74.02503,TONNELLE,PSEG,0.98,fuzzy,18.25,24.32,24.29,26.2,18.96,22.24,21.9
07050,40.76804,-74.23569,ORANGEHT,PSEG,0.13,manual_town,,,,,18.63,22.02,
07052,40.78576,-74.26506,MARION,PSEG,0.56,fuzzy,18.22,22.33,22.96,26.19,18.83,22.15,21.6
07054,40.85377,-74.40157,WHIPPANY,JCPL,2.67,exact,18.12,16.88,19.33,24.2,18.44,21.99,21.4
07055,40.85755,-74.12909,PASSAIC,PSEG,0.57,exact,,24.98,24.78,26.07,19.03,22.23,
07057,40.85308,-74.10632,PASSAIC,PSEG,0.98,exact,,24.98,24.78,26.07,19.03,22.23,
07058,40.8699,-74.34424,MONTVILL,JCPL,3.18,fuzzy,18.09,16.84,19.35,24.28,18.39,22.0,21.6
07059,40.63459,-74.51904,GREENBRO,PSEG,3.11,fuzzy,18.16,17.575,19.785,23.905,18.275,22.11,21.8
07060,40.61667,-74.42204,PLAINFIE,PSEG,0.09,fuzzy,18.17,17.71,19.91,23.72,18.33,22.12,21.7
07062,40.63125,-74.40388,FANWOOD,PSEG,0.79,exact,18.12,17.71,19.85,23.24,18.4,21.97,21.2
07063,40.60512,-74.44452,PLAINFIE,PSEG,1.36,fuzzy,18.17,17.71,19.91,23.72,18.33,22.12,21.7
07064,40.56742,-74.24493,SEWAREN,PSEG,0.59,exact,18.11,18.66,20.44,21.75,18.37,21.97,21.3
07065,40.60715,-74.28053,WESTFIEL,PSEG,2.67,fuzzy,18.14,18.71,20.51,25.03,18.55,22.02,21.4
07066,40.62065,-74.30986,WESTFIEL,PSEG,0.87,fuzzy,18.14,18.71,20.51,25.03,18.55,22.02,21.4
07067,40.58933,-74.31141,HCS,PSEG,1.35,manual_town,18.25,24.8,24.66,27.09,18.93,22.21,21.7
07068,40.82174,-74.31015,WILLIAM1,PSEG,0.97,fuzzy,18.13,16.47,19.09,24.26,18.52,21.98,21.2
07069,40.64285,-74.43623,PLAINFIE,PSEG,1.92,fuzzy,18.17,17.71,19.91,23.72,18.33,22.12,21.7
07070,40.82031,-74.10604,ERUTHERF,PSEG,0.11,manual_town,18.262,24.988,24.788,26.202,19.022,22.198,21.6
07071,40.79711,-74.11298,KINGSLAN,PSEG,0.47,fuzzy,18.194,23.17,23.325,25.805,18.81,22.14,21.7
07072,40.82643,-74.06234,CARLSTAD,PSEG,0.47,fuzzy,18.26,24.44,24.58,26.14,18.99,22.21,21.6
07073,40.8171,-74.08502,VANWINKL,PSEG,1.08,fuzzy,18.25,24.03,24.13,26.02,18.92,22.18,21.5
07074,40.83814,-74.05508,CARLSTAD,PSEG,1.36,fuzzy,18.26,24.44,24.58,26.14,18.99,22.21,21.6
07075,40.85018,-74.08707,DRTTOTO,PSEG,0.99,manual_town,,,26.56,24.62,18.83,22.1,
07076,40.63303,-74.3729,FANWOOD,PSEG,0.92,exact,18.12,17.71,19.85,23.24,18.4,21.97,21.2
07077,40.55415,-74.25306,SEWAREN,PSEG,0.46,exact,18.11,18.66,20.44,21.75,18.37,21.97,21.3
07078,40.74226,-74.32757,TRAYNOR,JCPL,2.76,exact,18.135,17.19,19.525,24.065,18.375,22.065,21.7
07079,40.74881,-74.26151,ORANGEHT,PSEG,2.03,manual_town,,,,,18.63,22.02,
07080,40.57441,-74.4148,LAKENELS,PSEG,2.47,fuzzy,18.165,17.67,19.865,23.905,18.25,22.125,21.8
07081,40.69797,-74.33444,SUMM JC,JCPL,1.2,manual_town,18.155,17.215,19.535,24.055,18.365,22.065,21.5
07082,40.92672,-74.34551,MONTVILL,JCPL,1.37,fuzzy,18.09,16.84,19.35,24.28,18.39,22.0,21.6
07083,40.69527,-74.26908,VAUXHALL,PSEG,0.96,exact,,,20.64,25.39,18.68,22.12,
07086,40.76801,-74.01701,HOBOKEN,PSEG,1.02,exact,18.22,23.98,23.87,26.03,18.88,22.18,21.7
07087,40.76722,-74.03243,HOBOKEN,PSEG,0.71,exact,18.22,23.98,23.87,26.03,18.88,22.18,21.7
07088,40.71834,-74.28376,VAUXHALL,PSEG,2.27,exact,,,20.64,25.39,18.68,22.12,
07090,40.65164,-74.34345,WESTFIEL,PSEG,1.98,fuzzy,18.14,18.71,20.51,25.03,18.55,22.02,21.4
07092,40.68072,-74.36029,SUMM JC,JCPL,1.18,manual_town,18.155,17.215,19.535,24.055,18.365,22.065,21.5
07093,40.7867,-74.00891,RIVERROA,PSEG,0.94,fuzzy,18.26,24.54,24.39,26.22,18.98,22.25,21.9
07094,40.78196,-74.06765,HOMESTEA,PSEG,1.35,fuzzy,18.22,24.065,23.945,26.055,18.88,22.18,21.7
07095,40.55286,-74.28694,WOODBRDG,JCPL,0.87,fuzzy,18.18,17.79,19.95,23.89,17.98,22.16,21.9
07102,40.73566,-74.1736,NEWARKEC,PSEG,0.06,manual_town,18.18,23.29,23.28,25.85,18.82,22.15,21.8
07103,40.73885,-74.19526,MACARTHR,RECO,0.53,fuzzy,18.19,22.08,25.43,25.71,20.02,23.42,28.8
07104,40.76771,-74.16835,CLAYSTR,PSEG,1.2,fuzzy,,22.34,22.88,25.63,18.73,22.11,
07105,40.72307,-74.13864,NEWARK,PSEG,0.45,fuzzy,18.245,22.46,22.936,26.06,18.85,22.18,21.6
07106,40.74177,-74.23045,HOWEAVE,PSEG,1.4,manual_town,,,,,18.91,22.21,
07107,40.76292,-74.18656,NICHLSN,PSEG,0.23,manual_town,,,,,,21.56,
07108,40.7231,-74.20039,SFIFTHST,PSEG,1.27,manual_town,18.19,23.62,23.6,25.94,18.87,22.18,21.9
07109,40.79348,-74.16116,BELLEMDT,PSEG,0.49,manual_town,18.13,18.24,20.07,23.44,17.79,21.83,20.4
07110,40.82062,-74.15625,HARVEY,PSEG,0.81,fuzzy,,,24.9,26.12,18.91,22.17,
07111,40.72386,-74.23252,DOREMUSP,PSEG,1.94,fuzzy,18.23,22.36,22.89,26.07,18.84,22.16,21.6
07112,40.71139,-74.21168,DOREMUSP,PSEG,1.17,fuzzy,18.23,22.36,22.89,26.07,18.84,22.16,21.6
07114,40.69781,-74.17081,NWRKARPT,PSEG,0.61,manual_town,18.23,22.05,22.76,26.19,18.83,22.15,21.5
07201,40.67127,-74.17736,Z650TAP,PSEG,1.24,manual_town,18.1,18.25,20.03,23.44,17.73,21.76,20.2
07202,40.65246,-74.21685,BAYWAY,PSEG,0.78,exact,18.21,22.01,22.72,26.17,18.81,22.13,21.5
07203,40.65221,-74.26016,MTROSEPS,PSEG,0.46,manual_town,18.13,18.3,20.08,23.47,17.74,21.77,20.1
07204,40.66531,-74.26655,MTROSEPS,PSEG,0.7,manual_town,18.13,18.3,20.08,23.47,17.74,21.77,20.1
07205,40.69589,-74.2288,DOREMUSP,PSEG,0.31,fuzzy,18.23,22.36,22.89,26.07,18.84,22.16,21.6
07206,40.65208,-74.18376,BAYWAY,PSEG,1.27,exact,18.21,22.01,22.72,26.17,18.81,22.13,21.5
07208,40.67291,-74.22405,ELIZABTH,PSEG,0.66,fuzzy,,,,,,22.12,
07302,40.71881,-74.04463,LIBRTYST,PSEG,0.11,manual_town,18.07,18.33,20.03,23.35,17.69,21.75,20.4
07304,40.7173,-74.07635,CJN,PSEG,0.33,manual_town,18.13,18.25,20.07,23.46,17.78,21.82,20.4
07305,40.693,-74.06965,GRENVIL,PSEG,1.58,fuzzy,18.22,22.2,23.12,26.02,18.87,22.19,21.8
07306,40.73629,-74.07113,NEWPORT,AECO,1.22,exact,18.26,18.66,20.23,23.9,18.12,22.26,21.9
07307,40.75184,-74.05398,14STREET,PSEG,0.24,manual_town,,,,23.35,18.15,22.0,
07310,40.72789,-74.03321,NEWPORT,AECO,0.86,exact,18.26,18.66,20.23,23.9,18.12,22.26,21.9
07311,40.71908,-74.03262,LIBRTYST,PSEG,0.56,manual_town,18.07,18.33,20.03,23.35,17.69,21.75,20.4
07401,41.03267,-74.13383,ALLENDAL,RECO,0.71,fuzzy,18.19,22.08,25.43,25.71,20.03,23.42,28.8
07403,41.02075,-74.33284,SADDLEBR,PSEG,5.12,manual_town,18.23,25.55,25.07,26.31,18.91,22.16,21.6
07405,40.98784,-74.37819,SADDLEBR,PSEG,2.9,manual_town,18.23,25.55,25.07,26.31,18.91,22.16,21.6
07407,40.90453,-74.11951,PLAUDERV,PSEG,1.05,fuzzy,,,,26.1,19.01,22.22,
07410,40.93583,-74.1175,FAIRLAWN,PSEG,1.11,fuzzy,18.2533,25.0167,25.2133,26.1967,19.04,22.1533,21.4
07416,41.109,-74.58864,FRANKLAK,RECO,0.83,fuzzy,18.32,22.16,25.01,25.56,20.2,23.61,28.9
07417,41.00753,-74.20565,OAKLAND,RECO,1.99,manual_town,18.31,22.17,25.02,25.57,20.21,23.62,29.0
07418,41.24222,-74.48611,FRANKLAK,RECO,10.95,fuzzy,18.32,22.16,25.01,25.56,20.2,23.61,28.9
07419,41.15416,-74.57001,FRANKLAK,RECO,3.78,fuzzy,18.32,22.16,25.01,25.56,20.2,23.61,28.9
07420,41.02933,-74.30284,OAKLAND,RECO,3.69,manual_town,18.31,22.17,25.02,25.57,20.21,23.62,29.0
07421,41.17374,-74.35261,SMAWA,RECO,9.89,manual_town,18.1867,22.06,25.2333,25.5967,20.0333,23.4267,28.8
07422,41.17375,-74.44696,FRANKLAK,RECO,8.54,fuzzy,18.32,22.16,25.01,25.56,20.2,23.61,28.9
07423,40.9995,-74.09658,WALDWICK,PSEG,1.93,exact,18.2,25.305,25.555,24.92,19.185,22.49,23.6
07424,40.88232,-74.20588,GRNOTCH,PSEG,0.53,fuzzy,18.2,27.29,26.51,24.64,18.84,22.09,21.4
07430,41.08207,-74.18306,DARLNGTO,RECO,1.36,fuzzy,18.19,22.08,25.43,25.71,20.03,23.42,28.8
07432,40.99581,-74.14126,WALDWICK,PSEG,1.67,exact,18.2,25.305,25.555,24.92,19.185,22.49,23.6
07435,41.04078,-74.44191,NEWPROSP,JCPL,6.36,manual_town,18.11,18.15,20.04,23.64,17.83,21.88,20.8
07436,41.03102,-74.2405,OAKLAND,RECO,0.48,manual_town,18.31,22.17,25.02,25.57,20.21,23.62,29.0
07438,41.02982,-74.52177,NEWPROSP,JCPL,2.84,manual_town,18.11,18.15,20.04,23.64,17.83,21.88,20.8
07439,41.08009,-74.59763,FRANKLAK,RECO,1.69,fuzzy,18.32,22.16,25.01,25.56,20.2,23.61,28.9
07440,40.94647,-74.29304,SADDLEBR,PSEG,3.34,manual_town,18.23,25.55,25.07,26.31,18.91,22.16,21.6
07442,41.00273,-74.28674,OAKLAND,RECO,3.35,manual_town,18.31,22.17,25.02,25.57,20.21,23.62,29.0
07444,40.96741,-74.30697,SADDLEBR,PSEG,2.9,manual_town,18.23,25.55,25.07,26.31,18.91,22.16,21.6
07446,41.05914,-74.14593,SUMMITAV,RECO,0.81,manual_town,18.22,22.02,24.44,25.17,20.26,23.5,29.0
07450,40.98159,-74.11351,PARAMUS,PSEG,2.13,exact,18.27,25.36,25.04,25.97,19.02,22.17,21.3
07452,40.95947,-74.1252,FAIRLAWN,PSEG,0.71,fuzzy,18.2533,25.0167,25.2133,26.1967,19.04,22.1533,21.4
07456,41.09704,-74.26292,SMAWA,RECO,3.88,manual_town,18.1867,22.06,25.2333,25.5967,20.0333,23.4267,28.8
07457,40.99589,-74.31453,SADDLEBR,PSEG,3.92,manual_town,18.23,25.55,25.07,26.31,18.91,22.16,21.6
07458,41.04666,-74.09648,HARINGSC,RECO,1.3,manual_town,18.19,21.97,24.11,24.97,20.29,23.48,29.1
07460,41.11426,-74.49384,FRANKLAK,RECO,4.52,fuzzy,18.32,22.16,25.01,25.56,20.2,23.61,28.9
07461,41.24702,-74.61052,FRANKLAK,RECO,10.31,fuzzy,18.32,22.16,25.01,25.56,20.2,23.61,28.9
07462,41.19846,-74.49558,FRANKLAK,RECO,8.07,fuzzy,18.32,22.16,25.01,25.56,20.2,23.61,28.9
07463,41.01337,-74.12522,WALDWICK,PSEG,0.24,exact,18.2,25.305,25.555,24.92,19.185,22.49,23.6
07465,41.04927,-74.29234,OAKLAND,RECO,3.46,manual_town,18.31,22.17,25.02,25.57,20.21,23.62,29.0
07470,40.94586,-74.24508,HINCHMAN,PSEG,1.35,fuzzy,18.2,27.22,26.23,24.7,18.94,22.1,21.4
07480,41.08587,-74.37839,OAKLAND,RECO,8.6,manual_town,18.31,22.17,25.02,25.57,20.21,23.62,29.0
07481,40.99909,-74.16885,HAWTHORN,PSEG,2.46,fuzzy,18.2,26.71,26.35,24.76,19.02,22.1,21.4
07501,40.912,-74.17096,NPATERSO,PSEG,0.5,fuzzy,18.26,26.0,25.31,25.8,19.02,22.2,21.6
07502,40.91966,-74.19503,NPATERSO,PSEG,1.06,fuzzy,18.26,26.0,25.31,25.8,19.02,22.2,21.6
07503,40.89755,-74.15412,KULLERRD,PSEG,0.97,fuzzy,18.23,25.11,25.065,26.13,18.995,22.21,21.8
07504,40.91243,-74.14069,NPATERSO,PSEG,1.83,fuzzy,18.26,26.0,25.31,25.8,19.02,22.2,21.6
07505,40.91701,-74.17194,NPATERSO,PSEG,0.19,fuzzy,18.26,26.0,25.31,25.8,19.02,22.2,21.6
07506,40.95696,-74.15856,HAWTHORN,PSEG,0.77,fuzzy,18.2,26.71,26.35,24.76,19.02,22.1,21.4
07508,40.95502,-74.18369,MARIONDR,PSEG,1.74,manual_town,18.15,17.895,20.03,24.785,18.58,22.02,21.3
07512,40.90342,-74.21978,TOTOWA,PSEG,0.64,exact,18.2,26.98,26.13,24.77,18.87,22.09,21.4
07513,40.90459,-74.14897,KULLERRD,PSEG,1.52,fuzzy,18.23,25.11,25.065,26.13,18.995,22.21,21.8
07514,40.92479,-74.14454,MARIONDR,PSEG,1.19,manual_town,18.15,17.895,20.03,24.785,18.58,22.02,21.3
07522,40.92357,-74.17923,NPATERSO,PSEG,0.41,fuzzy,18.26,26.0,25.31,25.8,19.02,22.2,21.6
07524,40.93171,-74.15687,MARIONDR,PSEG,0.4,manual_town,18.15,17.895,20.03,24.785,18.58,22.02,21.3
07601,40.8894,-74.0457,HACKENSA,PSEG,1.24,fuzzy,,,,,19.01,22.21,
07603,40.87429,-74.02974,HACKENSA,PSEG,0.48,fuzzy,,,,,19.01,22.21,
07604,40.86151,-74.07311,HACKENSA,PSEG,1.96,fuzzy,,,,,19.01,22.21,
07605,40.86339,-73.98847,LEONIA,PSEG,0.36,exact,18.25,24.77,24.68,26.26,18.94,22.2,21.6
07606,40.8648,-74.04811,HACKENSA,PSEG,0.72,fuzzy,,,,,19.01,22.21,
07607,40.90288,-74.06346,MAYWOOD,PSEG,0.45,exact,18.2433,25.1167,25.0,26.27,18.94,22.17,21.5
07608,40.84961,-74.06189,DRTTOTO,PSEG,1.71,manual_town,,,26.56,24.62,18.83,22.1,
07620,40.96878,-73.9169,CLOSTER,RECO,2.38,exact,18.23,21.98,24.12,24.99,20.31,23.5,28.9
07621,40.92233,-73.998,NEWMILFR,PSEG,1.35,manual_town,18.25,24.65,24.88,26.21,18.98,22.17,21.5
07624,40.97289,-73.96031,CLOSTER,RECO,0.59,exact,18.23,21.98,24.12,24.99,20.31,23.5,28.9
07626,40.94002,-73.95831,CRESSKIL,RECO,0.67,fuzzy,18.22,21.99,24.13,25.01,20.33,23.52,29.1
07627,40.9541,-73.95492,CRESSKIL,RECO,0.51,fuzzy,18.22,21.99,24.13,25.01,20.33,23.52,29.1
07628,40.94524,-73.99243,DUMONTPS,PSEG,0.3,fuzzy,18.26,24.89,24.79,26.16,18.98,22.18,21.5
07630,40.97499,-74.02325,HILLSDAL,PSEG,2.54,fuzzy,18.24,24.5,25.22,26.04,19.06,22.13,21.3
07631,40.8912,-73.97252,ENGLEWD,PSEG,0.63,fuzzy,18.27,24.74,24.7,26.21,18.98,22.21,21.6
07632,40.88463,-73.94465,ENGLEWD,PSEG,1.72,fuzzy,18.27,24.74,24.7,26.21,18.98,22.21,21.6
07640,40.99168,-73.9802,CLOSTER,RECO,1.3,exact,18.23,21.98,24.12,24.99,20.31,23.5,28.9
07641,40.96274,-73.99747,DUMONTPS,PSEG,1.43,fuzzy,18.26,24.89,24.79,26.16,18.98,22.18,21.5
07642,41.00713,-74.04512,HILLSDAL,PSEG,0.05,fuzzy,18.24,24.5,25.22,26.04,19.06,22.13,21.3
07643,40.84343,-74.03424,BERGEN,PSEG,1.15,exact,18.2443,24.7587,24.6125,26.2587,18.9238,22.2025,21.7
07644,40.87792,-74.0825,MAYWOOD,PSEG,1.59,exact,18.2433,25.1167,25.0,26.27,18.94,22.17,21.5
07645,41.05459,-74.0473,MONTVALE,RECO,1.15,exact,18.21,22.0,24.28,25.08,20.25,23.49,29.0
07646,40.93416,-74.01945,NEWMILFR,PSEG,0.33,manual_town,18.25,24.65,24.88,26.21,18.98,22.17,21.5
07647,41.00942,-73.94198,CLOSTER,RECO,2.13,exact,18.23,21.98,24.12,24.99,20.31,23.5,28.9
07648,40.99205,-73.95055,CLOSTER,RECO,0.86,exact,18.23,21.98,24.12,24.99,20.31,23.5,28.9
07649,40.95665,-74.03286,NEWMILFR,PSEG,1.64,manual_town,18.25,24.65,24.88,26.21,18.98,22.17,21.5
07650,40.84702,-73.99706,BERGEN,PSEG,1.34,exact,18.2443,24.7587,24.6125,26.2587,18.9238,22.2025,21.7
07652,40.9473,-74.07017,PARAMUS,PSEG,1.44,exact,18.27,25.36,25.04,25.97,19.02,22.17,21.3
07656,41.03618,-74.04429,MONTVALE,RECO,1.35,exact,18.21,22.0,24.28,25.08,20.25,23.49,29.0
07657,40.83268,-74.01409,BERGEN,PSEG,0.14,exact,18.2443,24.7587,24.6125,26.2587,18.9238,22.2025,21.7
07660,40.85471,-74.01993,BERGEN,PSEG,1.44,exact,18.2443,24.7587,24.6125,26.2587,18.9238,22.2025,21.7
07661,40.92735,-74.03961,SPRINGVA,PSEG,1.2,fuzzy,18.28,25.35,25.0,26.01,19.01,22.18,21.3
07662,40.9065,-74.07801,MAYWOOD,PSEG,0.66,exact,18.2433,25.1167,25.0,26.27,18.94,22.17,21.5
07663,40.9031,-74.09359,PLAUDERV,PSEG,0.73,fuzzy,,,,26.1,19.01,22.22,
07666,40.89032,-74.01148,TEANECK,PSEG,0.29,exact,18.26,24.78,24.74,26.19,18.98,22.2,21.6
07670,40.91831,-73.95052,ENGLEWD,PSEG,1.63,fuzzy,18.27,24.74,24.7,26.21,18.98,22.21,21.6
07675,41.00348,-74.00175,HILLSDAL,PSEG,2.3,fuzzy,18.24,24.5,25.22,26.04,19.06,22.13,21.3
07676,40.98831,-74.06469,PARAMUS,PSEG,1.58,exact,18.27,25.36,25.04,25.97,19.02,22.17,21.3
07677,41.02598,-74.06106,HILLSDAL,PSEG,1.5,fuzzy,18.24,24.5,25.22,26.04,19.06,22.13,21.3
07701,40.36051,-74.07895,REDBAJCT,JCPL,0.94,manual_town,18.2,18.13,20.09,23.84,17.97,22.07,21.3
07702,40.32645,-74.05737,REDBAJCT,JCPL,1.73,manual_town,18.2,18.13,20.09,23.84,17.97,22.07,21.3
07703,40.31434,-74.04675,REDBAJCT,JCPL,2.74,manual_town,18.2,18.13,20.09,23.84,17.97,22.07,21.3
07704,40.36194,-74.03878,REDBAJCT,JCPL,2.21,manual_town,18.2,18.13,20.09,23.84,17.97,22.07,21.3
07711,40.2376,-74.00672,OCEANVIE,JCPL,2.36,fuzzy,18.19,18.13,20.08,23.81,17.96,22.06,21.3
07712,40.2469,-74.0545,OCEANVIE,JCPL,1.84,fuzzy,18.19,18.13,20.08,23.81,17.96,22.06,21.3
07716,40.4024,-74.03631,REDBAJCT,JCPL,4.35,manual_town,18.2,18.13,20.09,23.84,17.97,22.07,21.3
07717,40.19142,-74.01511,OCEANVIE,JCPL,2.62,fuzzy,18.19,18.13,20.08,23.81,17.96,22.06,21.3
07718,40.41987,-74.08517,REDBAJCT,JCPL,5.05,manual_town,18.2,18.13,20.09,23.84,17.97,22.07,21.3
07719,40.16891,-74.07323,OCEANVIE,JCPL,3.88,fuzzy,18.19,18.13,20.08,23.81,17.96,22.06,21.3
07720,40.2016,-74.01206,OCEANVIE,JCPL,2.24,fuzzy,18.19,18.13,20.08,23.81,17.96,22.06,21.3
07721,40.43533,-74.23597,MCCLEABD,PSEG,1.76,manual_town,18.26,25.9,25.63,25.83,19.02,22.19,21.5
07722,40.2878,-74.16681,GLENGARD,JCPL,1.13,manual_town,17.9033,17.4867,19.55,23.8533,17.9867,21.84,22.0
07723,40.25049,-74.00216,OCEANVIE,JCPL,3.08,fuzzy,18.19,18.13,20.08,23.81,17.96,22.06,21.3
07724,40.29863,-74.07418,REDBAJCT,JCPL,3.35,manual_town,18.2,18.13,20.09,23.84,17.97,22.07,21.3
07726,40.28651,-74.34255,ENGLISHT,JCPL,2.05,fuzzy,18.1225,18.135,20.065,23.715,17.8775,21.9775,21.3
07727,40.20549,-74.15753,ATLANTIC,JCPL,3.94,exact,18.2,18.13,20.1,23.84,17.97,22.07,21.3
07728,40.22579,-74.28579,SMITHBUR,JCPL,4.29,fuzzy,18.11,18.18,20.04,23.61,17.8,21.85,20.7
07730,40.42416,-74.17373,FRENEAU,JCPL,4.08,exact,18.2,17.99,20.05,23.89,17.99,22.13,21.6
07731,40.14954,-74.20399,NJTABERD,JCPL,1.48,manual_town,18.2,17.99,20.05,23.89,17.99,22.13,21.6
07732,40.43045,-73.99042,REDBAJCT,JCPL,7.31,manual_town,18.2,18.13,20.09,23.84,17.97,22.07,21.3
07733,40.37496,-74.17385,FRENEAU,JCPL,3.97,exact,18.2,17.99,20.05,23.89,17.99,22.13,21.6
07734,40.44415,-74.13681,FRENEAU,JCPL,6.44,exact,18.2,17.99,20.05,23.89,17.99,22.13,21.6
07735,40.45002,-74.2235,MCCLEABD,PSEG,2.96,manual_town,18.26,25.9,25.63,25.83,19.02,22.19,21.5
07737,40.40674,-74.06383,REDBAJCT,JCPL,4.17,manual_town,18.2,18.13,20.09,23.84,17.97,22.07,21.3
07738,40.33536,-74.13272,REDBAJCT,JCPL,3.1,manual_town,18.2,18.13,20.09,23.84,17.97,22.07,21.3
07739,40.33695,-74.03454,REDBAJCT,JCPL,2.29,manual_town,18.2,18.13,20.09,23.84,17.97,22.07,21.3
07740,40.29537,-73.9899,REDBAJCT,JCPL,5.77,manual_town,18.2,18.13,20.09,23.84,17.97,22.07,21.3
07746,40.32349,-74.25457,GLENGARD,JCPL,4.13,manual_town,17.9033,17.4867,19.55,23.8533,17.9867,21.84,22.0
07747,40.41325,-74.25767,MCCLEABD,PSEG,0.16,manual_town,18.26,25.9,25.63,25.83,19.02,22.19,21.5
07748,40.3963,-74.11527,REDBAJCT,JCPL,3.98,manual_town,18.2,18.13,20.09,23.84,17.97,22.07,21.3
07750,40.3359,-73.98561,REDBAJCT,JCPL,4.82,manual_town,18.2,18.13,20.09,23.84,17.97,22.07,21.3
07751,40.35965,-74.26146,FRENEAU,JCPL,2.8,exact,18.2,17.99,20.05,23.89,17.99,22.13,21.6
07753,40.21076,-74.0745,OCEANVIE,JCPL,1.67,fuzzy,18.19,18.13,20.08,23.81,17.96,22.06,21.3
07755,40.26347,-74.02362,OCEANVIE,JCPL,3.16,fuzzy,18.19,18.13,20.08,23.81,17.96,22.06,21.3
07756,40.21182,-74.00694,OCEANVIE,JCPL,2.15,fuzzy,18.19,18.13,20.08,23.81,17.96,22.06,21.3
07757,40.316,-74.01764,REDBAJCT,JCPL,3.75,manual_town,18.2,18.13,20.09,23.84,17.97,22.07,21.3
07758,40.43424,-74.10067,REDBAJCT,JCPL,6.16,manual_town,18.2,18.13,20.09,23.84,17.97,22.07,21.3
07760,40.37145,-74.00392,REDBAJCT,JCPL,4.15,manual_town,18.2,18.13,20.09,23.84,17.97,22.07,21.3
07762,40.15341,-74.03373,OCEANVIE,JCPL,4.72,fuzzy,18.19,18.13,20.08,23.81,17.96,22.06,21.3
07764,40.2879,-74.02002,OCEANVIE,JCPL,4.81,fuzzy,18.19,18.13,20.08,23.81,17.96,22.06,21.3
07801,40.90113,-74.56478,STON JC,JCPL,0.65,manual_town,18.12,17.015,19.42,24.315,18.43,22.035,21.6
07803,40.87809,-74.60118,WWHARTON,JCPL,2.01,fuzzy,18.0467,17.2667,19.52,24.13,18.16,22.07,22.3
07820,40.92867,-74.79886,DOTWWHAR,JCPL,2.32,manual_town,17.95,17.26,19.51,24.11,17.23,22.03,22.7
07821,40.96604,-74.75469,NEWDOVER,PSEG,1.35,fuzzy,18.115,18.35,20.25,23.805,18.42,21.96,21.2
07822,41.13878,-74.70834,NEWTON,JCPL,5.97,exact,17.84,17.175,19.46,24.02,17.95,21.99,23.3
07823,40.82326,-75.04601,PEQUESTR,JCPL,3.44,fuzzy,17.95,17.57,19.81,23.78,17.54,21.86,21.8
07825,40.98296,-74.962,KITTATIN,JCPL,3.91,fuzzy,17.69,17.48,19.48,23.82,17.24,21.96,24.1
07826,41.16346,-74.81541,NEWTON,JCPL,8.4,exact,17.84,17.175,19.46,24.02,17.95,21.99,23.3
07827,41.28096,-74.73051,FRANKLAK,RECO,14.8,fuzzy,18.32,22.16,25.01,25.56,20.2,23.61,28.9
07828,40.88496,-74.75566,DRAKESTO,JCPL,2.85,fuzzy,18.11,17.52,19.75,24.13,18.15,22.08,21.9
07830,40.71928,-74.79402,TEWKSBRY,JCPL,1.29,fuzzy,17.91,17.3,19.45,23.69,17.38,21.81,21.8
07831,40.73921,-74.94681,SAYRECON,JCPL,2.32,manual_town,18.2,17.8,19.97,30.79,18.01,22.19,21.9
07832,40.94458,-75.06735,COLUMBJC,JCPL,1.77,fuzzy,17.91,17.67,19.73,23.73,17.35,21.83,21.9
07833,40.89282,-75.06944,COLUMBJC,JCPL,2.37,fuzzy,17.91,17.67,19.73,23.73,17.35,21.83,21.9
07834,40.88646,-74.48758,GREYSTON,JCPL,2.62,fuzzy,18.075,17.035,19.39,24.135,18.18,21.99,21.7
07836,40.84389,-74.70976,FLANDERS,JCPL,1.57,exact,18.16,17.605,19.79,24.28,18.355,22.165,22.1
07838,40.88795,-74.91169,WARRENPT,PSEG,1.97,manual_town,18.26,25.85,25.59,25.85,19.01,22.18,21.5
07840,40.86004,-74.83179,ELASTIMO,JCPL,1.95,fuzzy,17.87,17.34,19.49,23.97,17.23,21.99,23.1
07842,40.94462,-74.50088,STON JC,JCPL,3.84,manual_town,18.12,17.015,19.42,24.315,18.43,22.035,21.6
07843,40.93923,-74.65951,HOPATCON,PSEG,3.83,fuzzy,18.28,18.4,20.25,23.85,18.45,21.73,18.9
07844,40.90862,-74.96958,WIND JC,JCPL,3.54,manual_town,18.07,18.15,19.95,23.43,17.69,21.66,19.9
07846,40.96682,-74.87683,DOTWWHAR,JCPL,5.32,manual_town,17.95,17.26,19.51,24.11,17.23,22.03,22.7
07847,40.88743,-74.61974,WWHARTON,JCPL,1.81,fuzzy,18.0467,17.2667,19.52,24.13,18.16,22.07,22.3
07848,41.0979,-74.68016,NEWTON,JCPL,4.27,exact,17.84,17.175,19.46,24.02,17.95,21.99,23.3
07849,40.96414,-74.61257,HOPATCON,PSEG,2.24,fuzzy,18.28,18.4,20.25,23.85,18.45,21.73,18.9
07850,40.90677,-74.65935,WWHARTON,JCPL,3.27,fuzzy,18.0467,17.2667,19.52,24.13,18.16,22.07,22.3
07851,41.20038,-74.85641,NEWTON,JCPL,11.67,exact,17.84,17.175,19.46,24.02,17.95,21.99,23.3
07852,40.88327,-74.66803,FLANDERS,JCPL,2.32,exact,18.16,17.605,19.79,24.28,18.355,22.165,22.1
07853,40.7874,-74.78213,DEVILSBR,PSEG,3.56,manual_town,18.09,18.31,20.145,23.25,17.79,21.825,20.6
07856,40.91642,-74.62676,WWHARTON,JCPL,1.7,fuzzy,18.0467,17.2667,19.52,24.13,18.16,22.07,22.3
07857,40.89794,-74.69337,FLANDERS,JCPL,2.28,exact,18.16,17.605,19.79,24.28,18.355,22.165,22.1
07860,41.05729,-74.80274,NEWTON,JCPL,3.25,exact,17.84,17.175,19.46,24.02,17.95,21.99,23.3
07863,40.80757,-74.95745,PEQUESTR,JCPL,1.72,fuzzy,17.95,17.57,19.81,23.78,17.54,21.86,21.8
07865,40.79381,-74.89835,POHATCON,JCPL,3.5,fuzzy,17.82,17.24,19.42,23.89,17.18,21.97,23.3
07866,40.95499,-74.48801,STON JC,JCPL,4.82,manual_town,18.12,17.015,19.42,24.315,18.43,22.035,21.6
07869,40.84164,-74.57852,MORRISPA,JCPL,2.72,fuzzy,17.79,17.63,19.59,23.66,17.34,21.73,22.1
07870,40.80424,-74.82067,ELASTIMO,JCPL,1.95,fuzzy,17.87,17.34,19.49,23.97,17.23,21.99,23.1
07871,41.0467,-74.62799,NEWPROSP,JCPL,3.53,manual_town,18.11,18.15,20.04,23.64,17.83,21.88,20.8
07874,40.92891,-74.70946,NEWDOVER,PSEG,4.08,fuzzy,18.115,18.35,20.25,23.805,18.42,21.96,21.2
07876,40.85447,-74.65736,FLANDERS,JCPL,2.7,exact,18.16,17.605,19.79,24.28,18.355,22.165,22.1
07878,40.8716,-74.47824,GREYSTON,JCPL,2.13,fuzzy,18.075,17.035,19.39,24.135,18.18,21.99,21.7
07880,40.88,-74.87625,WARRENPT,PSEG,0.63,manual_town,18.26,25.85,25.59,25.85,19.01,22.18,21.5
07881,41.12333,-74.93441,KITTATIN,JCPL,10.02,fuzzy,17.69,17.48,19.48,23.82,17.24,21.96,24.1
07882,40.75543,-75.01087,WASHINGT,AECO,1.46,fuzzy,17.87,18.19,19.89,23.43,17.46,21.57,20.7
07885,40.91041,-74.59996,WWHARTON,JCPL,0.3,fuzzy,18.0467,17.2667,19.52,24.13,18.16,22.07,22.3
07901,40.71492,-74.36637,SUMM JC,JCPL,1.29,manual_town,18.155,17.215,19.535,24.055,18.365,22.065,21.5
07920,40.68227,-74.55414,GILLETTE,JCPL,4.8,exact,18.15,17.37,19.63,23.97,18.32,22.09,21.7
07921,40.65602,-74.67866,CHESTJCT,JCPL,2.07,manual_town,17.99,17.37,19.55,24.05,18.1,21.99,22.2
07922,40.67659,-74.42702,GILLETTE,JCPL,1.87,exact,18.15,17.37,19.63,23.97,18.32,22.09,21.7
07924,40.72577,-74.59121,CHESTERF,PSEG,7.37,fuzzy,17.96,18.17,19.96,23.3,17.57,21.67,20.7
07926,40.80126,-74.57012,GREYSTON,JCPL,4.73,fuzzy,18.075,17.035,19.39,24.135,18.18,21.99,21.7
07927,40.82373,-74.45635,MORRISTO,JCPL,1.71,fuzzy,18.11,16.97,19.37,23.76,18.46,21.98,21.4
07928,40.72497,-74.41509,TRAYNOR,JCPL,1.97,exact,18.135,17.19,19.525,24.065,18.375,22.065,21.7
07930,40.78131,-74.68359,CHESTERF,PSEG,1.21,fuzzy,17.96,18.17,19.96,23.3,17.57,21.67,20.7
07931,40.68142,-74.61654,CHESTJCT,JCPL,5.64,manual_town,17.99,17.37,19.55,24.05,18.1,21.99,22.2
07932,40.77746,-74.39284,WHIPPANY,JCPL,3.0,exact,18.12,16.88,19.33,24.2,18.44,21.99,21.4
07933,40.69518,-74.45687,GILLETTE,JCPL,1.22,exact,18.15,17.37,19.63,23.97,18.32,22.09,21.7
07934,40.72974,-74.66651,CHESTERF,PSEG,4.78,fuzzy,17.96,18.17,19.96,23.3,17.57,21.67,20.7
07935,40.73544,-74.45131,TRAYNOR,JCPL,3.79,exact,18.135,17.19,19.525,24.065,18.375,22.065,21.7
07936,40.81855,-74.36374,WHIPPANY,JCPL,0.76,exact,18.12,16.88,19.33,24.2,18.44,21.99,21.4
07939,40.66728,-74.55216,GILLETTE,JCPL,4.75,exact,18.15,17.37,19.63,23.97,18.32,22.09,21.7
07940,40.76053,-74.41948,TRAYNOR,JCPL,2.85,exact,18.135,17.19,19.525,24.065,18.375,22.065,21.7
07945,40.78066,-74.60182,CHESTERF,PSEG,5.18,fuzzy,17.96,18.17,19.96,23.3,17.57,21.67,20.7
07946,40.67771,-74.50854,GILLETTE,JCPL,2.4,exact,18.15,17.37,19.63,23.97,18.32,22.09,21.7
07950,40.84603,-74.48231,GREYSTON,JCPL,1.53,fuzzy,18.075,17.035,19.39,24.135,18.18,21.99,21.7
07960,40.77923,-74.50246,MORRISTO,JCPL,2.31,fuzzy,18.11,16.97,19.37,23.76,18.46,21.98,21.4
07961,40.78111,-74.43515,MORRISTO,JCPL,2.22,fuzzy,18.11,16.97,19.37,23.76,18.46,21.98,21.4
07970,40.80939,-74.57155,GREYSTON,JCPL,4.38,fuzzy,18.075,17.035,19.39,24.135,18.18,21.99,21.7
07974,40.69692,-74.40385,SUMM JC,JCPL,2.43,manual_town,18.155,17.215,19.535,24.055,18.365,22.065,21.5
07976,40.72806,-74.47934,GILLETTE,JCPL,3.56,exact,18.15,17.37,19.63,23.97,18.32,22.09,21.7
07977,40.71134,-74.65162,CHESTJCT,JCPL,6.09,manual_town,17.99,17.37,19.55,24.05,18.1,21.99,22.2
07979,40.7112,-74.73064,TEWKSBRY,JCPL,2.1,fuzzy,17.91,17.3,19.45,23.69,17.38,21.81,21.8
07980,40.67617,-74.49455,GILLETTE,JCPL,1.68,exact,18.15,17.37,19.63,23.97,18.32,22.09,21.7
07981,40.82441,-74.42624,WHIPPANY,JCPL,2.54,exact,18.12,16.88,19.33,24.2,18.44,21.99,21.4
08001,39.54788,-75.34638,QUINTON,AECO,3.39,exact,18.02,18.39,20.0,23.64,17.53,21.84,21.2
08002,39.9346,-75.02539,PENNSNEC,PSEG,1.41,manual_town,18.14,18.27,20.04,23.4,17.81,21.8,20.2
08003,39.88585,-74.97115,MARLTON,PSEG,2.33,exact,17.84,18.11,19.81,23.31,17.39,21.5,20.5
08004,39.75533,-74.83051,ATCO,AECO,4.12,exact,17.85,18.14,19.83,23.35,17.42,21.52,20.6
08005,39.7558,-74.30661,BARNEGAT,AECO,1.74,exact,18.15,18.3,20.12,23.78,17.86,21.96,21.0
08006,39.75129,-74.10676,OYSTERCR,JCPL,7.3,manual_town,18.15,18.25,20.11,23.76,17.88,21.97,21.0
08007,39.86508,-75.05376,RUNNEMED,PSEG,0.92,fuzzy,17.96,18.28,19.96,23.52,17.43,21.58,20.2
08008,39.62354,-74.20609,MOTTS,AECO,7.89,fuzzy,18.18,18.36,20.12,23.8,17.87,21.96,20.8
08009,39.76066,-74.93286,TANSBORO,AECO,0.53,exact,17.8,18.11,19.79,23.29,17.38,21.47,20.6
08010,40.05351,-74.91844,LEVITTOW,PSEG,2.68,fuzzy,17.87,18.145,19.835,23.315,17.385,21.53,20.5
08011,39.97528,-74.7138,MTHOLLY,PSEG,4.11,manual_town,17.9,18.15,19.87,23.37,17.45,21.57,20.5
08012,39.78381,-75.05607,TERRACE,AECO,0.47,exact,17.91,18.2,19.92,23.48,17.49,21.59,20.5
08014,39.81292,-75.36731,MONSANTO,AECO,2.16,exact,17.95,18.35,19.92,23.46,17.53,21.69,20.8
08015,39.93154,-74.54372,WHITINGS,JCPL,8.9,exact,18.17,18.24,20.11,23.77,17.89,21.98,21.0
08016,40.06806,-74.8329,BURLINGT,PSEG,2.24,fuzzy,17.8667,18.1267,19.8267,23.2733,17.3933,21.5333,20.5
08019,39.76559,-74.53005,TABERNAC,AECO,11.45,fuzzy,17.93,18.19,19.9,23.43,17.47,21.61,20.5
08020,39.79422,-75.22223,MICKLETO,AECO,1.88,fuzzy,17.82,18.1533,19.8067,23.3333,17.3333,21.49,20.6
08021,39.80616,-75.00001,STRATFOR,AECO,1.42,fuzzy,17.86,18.15,19.85,23.37,17.44,21.53,20.5
08022,40.06759,-74.70574,MANSFLD,PSEG,3.26,fuzzy,,,,23.29,17.52,21.63,
08023,39.68811,-75.4969,CHAMBERS,AECO,0.77,fuzzy,17.75,18.08,19.75,23.3,17.36,21.47,21.0
08026,39.83365,-74.969,LINDENWO,AECO,0.95,fuzzy,17.84,18.12,19.82,,,,
08027,39.82852,-75.29438,VALERO,AECO,0.68,exact,17.86,18.16,19.82,23.36,17.36,21.5,20.4
08028,39.69213,-75.12467,GLASSBOR,AECO,0.42,fuzzy,17.87,18.19,19.89,23.44,17.46,21.57,20.7
08029,39.84094,-75.06721,HILLTPPS,PSEG,0.92,fuzzy,,,,23.52,17.36,21.5,
08030,39.88956,-75.11849,GLOUCEST,PSEG,1.07,fuzzy,17.84,18.16,19.82,23.33,17.36,21.51,20.6
08031,39.86636,-75.09467,BEAVERBR,PSEG,0.86,fuzzy,17.82,18.14,19.81,23.31,17.35,21.49,20.6
08032,39.78054,-75.05961,TERRACE,AECO,0.2,exact,17.91,18.2,19.92,23.48,17.49,21.59,20.5
08033,39.89242,-75.03665,LAWNSIDE,PSEG,2.4,exact,17.97,18.3,19.98,23.5367,17.48,21.62,20.3
08034,39.9061,-75.00038,MAPLESHD,PSEG,2.82,fuzzy,17.99,18.3,19.98,23.55,17.5,21.65,20.3
08035,39.87913,-75.06592,BEAVERBR,PSEG,1.44,fuzzy,17.82,18.14,19.81,23.31,17.35,21.49,20.6
08036,39.97796,-74.83633,BURL_TAP,AECO,2.06,manual_town,,,,,17.49,21.66,
08037,39.63168,-74.77389,DACOSTA,AECO,1.21,exact,18.01,18.43,20.07,23.7,17.71,21.86,21.4
08038,39.47,-75.49029,SALEM,PSEG,2.31,exact,17.64,17.95,19.61,23.08,17.16,21.23,20.4
08039,39.68566,-75.27731,LINCOLN1,AECO,1.94,manual_town,18.0,18.31,19.98,23.59,17.64,21.73,20.7
08041,40.03852,-74.6841,MANSFLD,PSEG,5.54,fuzzy,,,,23.29,17.52,21.63,
08042,40.01366,-74.66203,MTHOLLY,PSEG,6.81,manual_town,17.9,18.15,19.87,23.37,17.45,21.57,20.5
08043,39.84857,-74.95284,ECHELON,PSEG,2.16,exact,,,,,17.3,21.48,
08045,39.86721,-75.02916,LAWNSIDE,PSEG,0.73,exact,17.97,18.3,19.98,23.5367,17.48,21.62,20.3
08046,40.02795,-74.88698,LEVITTOW,PSEG,0.36,fuzzy,17.87,18.145,19.835,23.315,17.385,21.53,20.5
08048,39.95385,-74.80303,LUMBERTO,PSEG,0.44,fuzzy,17.88,18.13,19.85,23.36,17.44,21.55,20.5
08049,39.85457,-75.03814,RUNNEMED,PSEG,0.75,fuzzy,17.96,18.28,19.96,23.52,17.43,21.58,20.2
08050,39.71213,-74.23189,BARNEGAT,AECO,3.88,exact,18.15,18.3,20.12,23.78,17.86,21.96,21.0
08051,39.78402,-75.17598,MANTUA,AECO,0.27,exact,17.93,18.22,19.86,23.4,17.43,21.56,20.2
08052,39.95238,-74.9949,MAPLESHD,PSEG,1.52,fuzzy,17.99,18.3,19.98,23.55,17.5,21.65,20.3
08053,39.85668,-74.90081,ECHELON,PSEG,1.89,exact,,,,,17.3,21.48,
08054,39.94899,-74.90025,BURL_TAP,AECO,3.52,manual_town,,,,,17.49,21.66,
08055,39.8627,-74.82231,MEDFORD2,PSEG,3.07,fuzzy,17.91,18.17,19.88,23.4,17.47,21.59,20.5
08056,39.78368,-75.2553,MICKLETO,AECO,1.97,fuzzy,17.82,18.1533,19.8067,23.3333,17.3333,21.49,20.6
08057,39.97966,-74.94131,CINNAMIN,PSEG,1.9,fuzzy,17.87,18.16,19.83,23.32,17.37,21.525,20.5
08059,39.88482,-75.09267,GLOUCEST,PSEG,0.42,fuzzy,17.84,18.16,19.82,23.33,17.36,21.51,20.6
08060,40.01,-74.79221,MTHOLLY,PSEG,1.18,manual_town,17.9,18.15,19.87,23.37,17.45,21.57,20.5
08061,39.79887,-75.20537,MANTUA,AECO,2.14,exact,17.93,18.22,19.86,23.4,17.43,21.56,20.2
08062,39.7161,-75.21927,LINCOLN1,AECO,1.8,manual_town,18.0,18.31,19.98,23.59,17.64,21.73,20.7
08063,39.8673,-75.18562,THOROFAR,PSEG,2.09,fuzzy,17.785,18.15,19.81,23.325,17.335,21.495,20.9
08064,39.93735,-74.61627,SAMPTON,PSEG,6.8,fuzzy,17.9,18.16,19.88,23.39,17.45,21.58,20.6
08065,40.00261,-75.03527,DELAIR,PSEG,1.75,exact,17.91,18.19,19.87,23.39,17.41,21.57,20.4
08066,39.83517,-75.23353,CROWNPNT,AECO,0.74,fuzzy,17.66,18.14,19.8,23.32,17.32,21.49,21.7
08067,39.73919,-75.41141,OLDMAN,AECO,2.09,exact,17.93,18.33,19.91,23.45,17.5,21.65,20.7
08068,39.96139,-74.66592,SAMPTON,PSEG,5.21,fuzzy,17.9,18.16,19.88,23.39,17.45,21.58,20.6
08069,39.70314,-75.45068,CHAMBERS,AECO,1.91,fuzzy,17.75,18.08,19.75,23.3,17.36,21.47,21.0
08070,39.61912,-75.51607,CHURCHTO,AECO,3.92,fuzzy,17.74,18.07,19.75,23.29,17.37,21.49,21.1
08071,39.73165,-75.13426,LAMB,AECO,1.09,exact,17.93,18.22,19.94,23.51,17.48,21.6,20.5
08072,39.54468,-75.41257,QUINTON,AECO,0.33,exact,18.02,18.39,20.0,23.64,17.53,21.84,21.2
08073,40.00951,-74.86684,BURL_TAP,AECO,1.08,manual_town,,,,,17.49,21.66,
08074,39.71617,-75.16344,LAMB,AECO,1.0,exact,17.93,18.22,19.94,23.51,17.48,21.6,20.5
08075,40.02968,-74.949,RIVRSDPS,PSEG,1.03,manual_town,17.91,18.17,19.87,23.36,17.42,21.58,20.5
08077,40.00016,-74.99163,CINNAMIN,PSEG,1.24,fuzzy,17.87,18.16,19.83,23.32,17.37,21.525,20.5
08078,39.85341,-75.0755,AIRCOAE,AECO,0.49,manual_town,,,,23.46,17.53,21.69,
08079,39.54241,-75.43168,QUINTON,AECO,1.24,exact,18.02,18.39,20.0,23.64,17.53,21.84,21.2
08080,39.75735,-75.12204,CARNEYPT,AECO,0.96,manual_town,17.81,18.18,19.81,23.29,,,
08081,39.73294,-74.97666,SICKLER,AECO,0.21,exact,17.73,18.02,19.71,23.19,17.28,21.37,20.5
08083,39.84131,-75.02861,UPPERPIT,AECO,1.39,manual_town,17.8,18.12,19.8,23.34,17.4,21.51,20.8
08084,39.82899,-75.01554,STRATFOR,AECO,0.4,fuzzy,17.86,18.15,19.85,23.37,17.44,21.53,20.5
08085,39.75377,-75.33104,BECKETT,AECO,1.24,exact,17.89,18.17,19.87,23.56,17.48,21.62,20.8
08086,39.85121,-75.18566,THOROFAR,PSEG,0.99,fuzzy,17.785,18.15,19.81,23.325,17.335,21.495,20.9
08087,39.60396,-74.38218,MOTTS,AECO,2.26,fuzzy,18.18,18.36,20.12,23.8,17.87,21.96,20.8
08088,39.83731,-74.69527,TABERNAC,AECO,1.62,fuzzy,17.93,18.19,19.9,23.43,17.47,21.61,20.5
08089,39.71309,-74.83103,WINSLOW,AECO,4.04,exact,17.79,18.1,19.8,23.31,17.36,21.47,20.7
08090,39.79799,-75.14853,MANTUA,AECO,1.7,exact,17.93,18.22,19.86,23.4,17.43,21.56,20.2
08091,39.80712,-74.92418,BERLIN,AECO,0.91,exact,17.84,18.12,19.82,23.33,17.4,21.5,20.5
08092,39.64718,-74.2846,MOTTS,AECO,5.32,fuzzy,18.18,18.36,20.12,23.8,17.87,21.96,20.8
08093,39.86157,-75.13298,DEPTFORD,PSEG,0.28,exact,17.82,18.15,19.82,23.33,17.35,21.51,20.7
08094,39.6506,-74.95931,SILVERLA,AECO,4.04,manual_town,17.82,18.11,19.8,23.3,17.38,21.47,20.5
08095,39.6493,-74.85801,WINSLOW,AECO,0.82,exact,17.79,18.1,19.8,23.31,17.36,21.47,20.7
08096,39.8294,-75.12903,WOODBURY,PSEG,1.35,exact,,18.16,19.91,23.45,17.41,21.55,
08097,39.81329,-75.15065,WOODBURY,PSEG,2.06,exact,,18.16,19.91,23.45,17.41,21.55,
08098,39.6393,-75.3298,WOODSTOW,AECO,0.66,fuzzy,17.97,18.15,19.93,23.53,17.59,21.71,20.8
08102,39.95212,-75.12115,LOCUSTPS,PSEG,1.29,fuzzy,17.92,18.22,19.9,23.44,17.43,21.61,20.6
08103,39.9352,-75.1127,LOCUSTPS,PSEG,0.68,fuzzy,17.92,18.22,19.9,23.44,17.43,21.61,20.6
08104,39.91646,-75.11136,HOLTEC,PSEG,0.44,exact,17.92,18.21,19.9,23.43,17.42,21.59,20.5
08105,39.95034,-75.09628,LOCUSTPS,PSEG,1.92,fuzzy,17.92,18.22,19.9,23.44,17.43,21.61,20.6
08106,39.89099,-75.07333,GLOUCEST,PSEG,1.33,fuzzy,17.84,18.16,19.82,23.33,17.36,21.51,20.6
08107,39.90866,-75.08445,WOODLYNN,PSEG,0.92,fuzzy,,,19.9,23.41,17.42,21.59,
08108,39.91505,-75.06224,CUTHBERT,PSEG,1.37,fuzzy,17.86,18.16,19.83,23.34,17.36,21.52,20.5
08109,39.94933,-75.04953,PENNSNEC,PSEG,0.66,manual_town,18.14,18.27,20.04,23.4,17.81,21.8,20.2
08110,39.97189,-75.05788,DELAIR,PSEG,0.68,exact,17.91,18.19,19.87,23.39,17.41,21.57,20.4
08201,39.42356,-74.49303,ABSECON,AECO,1.57,exact,18.01,18.285,20.015,23.64,17.7,21.78,20.9
08202,39.09664,-74.73976,PEERMONT,AECO,1.36,exact,18.1,18.45,20.12,23.78,17.79,21.9,21.0
08203,39.42171,-74.39287,HURON,AECO,4.07,exact,18.19,18.39,20.14,23.8,17.87,21.93,20.6
08204,38.97175,-74.91613,CAPEMAY,AECO,2.47,fuzzy,18.2,18.52,20.22,23.905,17.89,22.01,20.9
08205,39.482,-74.45264,ABSECON,AECO,4.85,exact,18.01,18.285,20.015,23.64,17.7,21.78,20.9
08210,39.11919,-74.82319,COURT,AECO,2.12,exact,18.12,18.46,20.13,23.8,17.81,21.92,21.0
08212,38.94041,-74.96428,CAPEMAY,AECO,2.13,fuzzy,18.2,18.52,20.22,23.905,17.89,22.01,20.9
08215,39.59012,-74.58195,EGGHARBO,AECO,5.57,fuzzy,18.03,18.45,20.12,23.77,17.78,21.92,21.6
08217,39.57703,-74.71882,DACOSTA,AECO,4.04,exact,18.01,18.43,20.07,23.7,17.71,21.86,21.4
08221,39.33994,-74.56447,MARVENAE,AECO,3.47,fuzzy,18.2,18.41,20.15,23.85,17.88,21.96,20.7
08223,39.26952,-74.65712,ENGLAND,AECO,1.8,fuzzy,18.02,18.3,20.01,23.67,17.69,21.77,20.8
08224,39.59933,-74.46743,MOTTS,AECO,6.51,fuzzy,18.18,18.36,20.12,23.8,17.87,21.96,20.8
08225,39.35834,-74.53631,MARVENAE,AECO,2.33,fuzzy,18.2,18.41,20.15,23.85,17.88,21.96,20.7
08226,39.26378,-74.60775,MERION,AECO,0.9,exact,18.02,18.31,20.02,23.69,17.69,21.78,20.9
08230,39.20106,-74.70675,CORSON,AECO,1.88,exact,18.01,18.3,20.0,23.6,17.66,21.75,20.8
08232,39.38752,-74.5152,LEWIS,AECO,2.17,exact,18.0,18.28,20.01,,,,
08234,39.38839,-74.62073,CARDIFF,AECO,2.73,exact,17.95,18.22,19.94,23.54,17.61,21.68,20.8
08240,39.48806,-74.53397,FAATC,AECO,2.97,manual_town,,,,23.63,17.72,21.795,
08241,39.5348,-74.4761,LENOX AE,AECO,7.21,fuzzy,18.02,18.42,20.11,23.76,17.78,21.91,21.6
08242,39.01738,-74.88691,RIOGRAND,AECO,0.67,manual_town,18.13,18.45,20.14,23.83,17.83,21.94,21.0
08243,39.15101,-74.69632,SEAISLE,AECO,0.2,manual_town,18.015,18.3,20.015,23.625,17.67,21.765,20.8
08244,39.31551,-74.59828,ENGLAND,AECO,2.69,fuzzy,18.02,18.3,20.01,23.67,17.69,21.77,20.8
08245,39.17651,-74.81903,SWAINTON,AECO,3.89,exact,18.03,18.41,20.02,23.64,17.69,21.78,20.8
08246,39.18097,-74.76581,CORSON,AECO,1.58,exact,18.01,18.3,20.0,23.6,17.66,21.75,20.8
08247,39.04897,-74.78622,PEERMONT,AECO,3.11,exact,18.1,18.45,20.12,23.78,17.79,21.9,21.0
08248,39.19496,-74.65755,SEAISLE,AECO,3.48,manual_town,18.015,18.3,20.015,23.625,17.67,21.765,20.8
08251,39.02882,-74.92892,RIOGRAND,AECO,3.03,manual_town,18.13,18.45,20.14,23.83,17.83,21.94,21.0
08260,38.99835,-74.8433,RIOGRAND,AECO,2.03,manual_town,18.13,18.45,20.14,23.83,17.83,21.94,21.0
08270,39.26136,-74.80909,TUCKAHOE,AECO,3.48,exact,17.98,18.27,19.97,23.62,17.67,21.75,21.0
08302,39.43861,-75.26065,LAUREL,AECO,1.71,exact,18.2,18.62,20.16,23.81,18.0,22.04,21.1
08310,39.53144,-74.89681,MINOTOLA,AECO,3.21,exact,17.87,18.17,19.87,23.42,17.48,21.58,20.8
08311,39.32787,-75.20404,VALEPKTP,AECO,4.75,manual_town,,,19.82,23.37,17.37,21.51,
08312,39.66142,-75.0839,CLAYTNAE,AECO,0.74,fuzzy,17.81,18.13,19.82,23.3,17.32,21.49,20.7
08314,39.2161,-74.93774,SWAINTON,AECO,10.39,exact,18.03,18.41,20.02,23.64,17.69,21.78,20.8
08316,39.28018,-74.93736,UNION,AECO,6.79,exact,17.97,18.27,19.95,23.55,17.61,21.7,20.8
08317,39.40069,-74.82963,DOROTHY,AECO,3.84,exact,17.93,18.21,19.93,23.51,17.57,21.66,20.8
08318,39.55765,-75.17772,SMILLVIL,AECO,4.29,manual_town,18.15,18.48,20.13,23.77,17.81,21.89,20.6
08319,39.37041,-74.81082,DOROTHY,AECO,4.7,exact,17.93,18.21,19.93,23.51,17.57,21.66,20.8
08320,39.38508,-75.1606,VALEPKTP,AECO,2.22,manual_town,,,19.82,23.37,17.37,21.51,
08321,39.2236,-75.14317,VALEPKTP,AECO,9.76,manual_town,,,19.82,23.37,17.37,21.51,
08322,39.6111,-75.04877,SILVERLA,AECO,3.95,manual_town,17.82,18.11,19.8,23.3,17.38,21.47,20.5
08323,39.39627,-75.36755,ROADSTOW,AECO,4.89,fuzzy,18.13,18.52,20.11,23.76,18.05,21.97,21.2
08324,39.22577,-75.00401,UNION,AECO,10.93,exact,17.97,18.27,19.95,23.55,17.61,21.7,20.8
08326,39.53842,-74.92772,MINOTOLA,AECO,2.61,exact,17.87,18.17,19.87,23.42,17.48,21.58,20.8
08327,39.25559,-74.94951,UNION,AECO,8.46,exact,17.97,18.27,19.95,23.55,17.61,21.7,20.8
08328,39.57967,-75.05638,SMILLVIL,AECO,2.69,manual_town,18.15,18.48,20.13,23.77,17.81,21.89,20.6
08329,39.28685,-75.00571,UNION,AECO,7.01,exact,17.97,18.27,19.95,23.55,17.61,21.7,20.8
08330,39.46934,-74.74716,DOROTHY,AECO,2.95,exact,17.93,18.21,19.93,23.51,17.57,21.66,20.8
08332,39.36622,-75.02685,CUMB AE,AECO,2.5,manual_town,17.96,18.26,19.94,23.54,17.6,21.68,20.7
08340,39.3933,-74.90726,UNION,AECO,2.44,exact,17.97,18.27,19.95,23.55,17.61,21.7,20.8
08341,39.52149,-74.95865,MINOTOLA,AECO,1.51,exact,17.87,18.17,19.87,23.42,17.48,21.58,20.8
08343,39.63635,-75.16756,CLAYTNAE,AECO,4.15,fuzzy,17.81,18.13,19.82,23.3,17.32,21.49,20.7
08344,39.56175,-74.98604,MANNMILL,AECO,0.81,manual_town,,,19.89,23.47,17.65,21.64,
08345,39.28846,-75.14359,VALEPKTP,AECO,5.31,manual_town,,,19.82,23.37,17.37,21.51,
08346,39.56955,-74.85209,MOSSMILL,AECO,0.52,manual_town,18.03,18.31,20.07,23.72,17.78,21.86,21.2
08348,39.30993,-74.97137,UNION,AECO,4.86,exact,17.97,18.27,19.95,23.55,17.61,21.7,20.8
08349,39.26094,-75.05926,VALEPKTP,AECO,8.06,manual_town,,,19.82,23.37,17.37,21.51,
08350,39.4907,-74.87364,MINOTOLA,AECO,3.85,exact,17.87,18.17,19.87,23.42,17.48,21.58,20.8
08352,39.47545,-75.12724,SHERMAN,AECO,4.1,fuzzy,18.02,18.33,20.01,23.61,17.68,21.76,20.8
08353,39.46242,-75.29244,ROADSTOW,AECO,1.65,fuzzy,18.13,18.52,20.11,23.76,18.05,21.97,21.2
08360,39.49235,-75.00345,VINELAND,AECO,1.27,manual_town,18.1,18.42,20.08,23.708,17.754,21.84,20.7
08361,39.44937,-74.95883,MINOTOLA,AECO,3.77,exact,17.87,18.17,19.87,23.42,17.48,21.58,20.8
08401,39.37734,-74.45107,ONTARIO,AECO,0.71,exact,18.2,18.39,20.13,23.8,17.86,21.93,20.5
08402,39.32639,-74.50447,MARVENAE,AECO,0.98,fuzzy,18.2,18.41,20.15,23.85,17.88,21.96,20.7
08403,39.3185,-74.54241,MARVENAE,AECO,2.73,fuzzy,18.2,18.41,20.15,23.85,17.88,21.96,20.7
08406,39.34205,-74.48263,MARVENAE,AECO,0.92,fuzzy,18.2,18.41,20.15,23.85,17.88,21.96,20.7
08501,40.16626,-74.55254,SANDHILL,PSEG,1.56,manual_town,18.16,18.3,20.14,23.36,17.85,21.91,20.6
08502,40.44822,-74.65324,MONTGOPS,PSEG,1.97,manual_town,18.12,18.19,20.05,23.39,17.82,21.87,20.7
08505,40.13559,-74.70726,WILLIAMS,AECO,1.49,exact,17.8,18.11,19.8,23.31,17.36,21.47,20.6
08510,40.18721,-74.42501,SMITHBUR,JCPL,3.54,fuzzy,18.11,18.18,20.04,23.61,17.8,21.85,20.7
08511,40.04374,-74.54765,COOKSTOW,JCPL,1.29,fuzzy,18.02,18.19,19.98,23.56,17.67,21.77,20.8
08512,40.32436,-74.52553,EATONCST,JCPL,2.21,manual_town,18.2,18.13,20.1,23.84,17.97,22.07,21.3
08514,40.13424,-74.49173,SANDHILL,PSEG,4.83,manual_town,18.16,18.3,20.14,23.36,17.85,21.91,20.6
08515,40.11918,-74.66289,WILLIAMS,AECO,1.64,exact,17.8,18.11,19.8,23.31,17.36,21.47,20.6
08518,40.1155,-74.80403,BUSTLETO,PSEG,2.74,fuzzy,17.93,18.155,19.9,23.29,17.485,21.6,20.5
08520,40.25813,-74.53931,WYCKOFF,JCPL,1.52,exact,18.14,18.0,19.96,23.75,17.87,21.86,20.5
08525,40.39772,-74.77952,PRNCTNPS,PSEG,6.54,manual_town,18.14,18.27,20.06,23.4,17.82,21.8,20.2
08527,40.10867,-74.3586,SMITHBUR,JCPL,6.41,fuzzy,18.11,18.18,20.04,23.61,17.8,21.85,20.7
08528,40.38711,-74.61892,HUNTGLEN,PSEG,2.1,manual_town,,18.31,20.07,23.2233,17.7333,21.77,
08530,40.37002,-74.91016,ROCKTOWN,JCPL,1.02,exact,17.98,18.24,19.98,23.46,17.66,21.7,20.7
08533,40.01559,-74.48508,COOKSTOW,JCPL,4.68,fuzzy,18.02,18.19,19.98,23.56,17.67,21.77,20.8
08534,40.32942,-74.79279,HOPEWEL1,PSEG,2.05,fuzzy,18.1,,,,,,
08535,40.23191,-74.43203,MANALAPA,JCPL,3.06,fuzzy,18.1,18.17,20.04,23.62,17.81,21.87,20.8
08536,40.33308,-74.58663,DEYRD,PSEG,0.91,fuzzy,18.09,18.3,,,,,
08540,40.36473,-74.65631,PRNCTNPS,PSEG,0.77,manual_town,18.14,18.27,20.06,23.4,17.82,21.8,20.2
08542,40.35452,-74.66056,PRNCTNPS,PSEG,0.4,manual_town,18.14,18.27,20.06,23.4,17.82,21.8,20.2
08544,40.34649,-74.65785,PRNCTNPS,PSEG,0.89,manual_town,18.14,18.27,20.06,23.4,17.82,21.8,20.2
08550,40.27995,-74.62212,CLARKSVI,PSEG,3.7,fuzzy,18.06,18.22,20.01,23.46,17.7,21.73,20.3
08551,40.44711,-74.83728,EFLEMING,JCPL,3.99,fuzzy,18.04,18.29,19.95,23.39,17.74,21.72,20.4
08553,40.40035,-74.63892,HUNTGLEN,PSEG,0.78,manual_town,,18.31,20.07,23.2233,17.7333,21.77,
08554,40.11298,-74.78109,MANSFLD,PSEG,1.91,fuzzy,,,,23.29,17.52,21.63,
08555,40.22074,-74.47016,WYCKOFF,JCPL,4.5,exact,18.14,18.0,19.96,23.75,17.87,21.86,20.5
08558,40.41341,-74.70374,HUNTGLEN,PSEG,2.75,manual_town,,18.31,20.07,23.2233,17.7333,21.77,
08559,40.43899,-74.98363,ROCKTOWN,JCPL,5.6,exact,17.98,18.24,19.98,23.46,17.66,21.7,20.7
08560,40.31549,-74.85702,HOPEWEL1,PSEG,3.89,fuzzy,18.1,,,,,,
08561,40.2474,-74.58133,WYCKOFF,JCPL,3.75,exact,18.14,18.0,19.96,23.75,17.87,21.86,20.5
08562,40.06196,-74.59188,COOKSTOW,JCPL,2.26,fuzzy,18.02,18.19,19.98,23.56,17.67,21.77,20.8
08608,40.21908,-74.76684,EWING,PSEG,1.81,exact,18.1,18.3,20.04,23.42,17.74,21.78,20.3
08609,40.22575,-74.74091,HAMLTNPS,PSEG,1.83,fuzzy,18.06,18.31,20.03,23.35,17.69,21.75,20.4
08610,40.19364,-74.71596,MERCER,PSEG,1.27,exact,18.02,18.28,20.02,23.32,17.66,21.73,20.6
08611,40.18362,-74.74032,MERCER,PSEG,0.47,exact,18.02,18.28,20.02,23.32,17.66,21.73,20.6
08618,40.24934,-74.78997,EWING,PSEG,1.25,exact,18.1,18.3,20.04,23.42,17.74,21.78,20.3
08619,40.2423,-74.69641,TRENTON,PSEG,1.18,exact,18.02,18.3025,20.0325,23.3125,17.6625,21.74,20.6
08620,40.17009,-74.65131,YARDVILL,PSEG,0.3,fuzzy,18.0,18.29,19.98,23.3,17.6,21.69,20.5
08628,40.26442,-74.82705,HOPEWEL1,PSEG,3.29,fuzzy,18.1,,,,,,
08629,40.22064,-74.73125,TRENTON,PSEG,1.64,exact,18.02,18.3025,20.0325,23.3125,17.6625,21.74,20.6
08638,40.25402,-74.76338,EWING,PSEG,0.63,exact,18.1,18.3,20.04,23.42,17.74,21.78,20.3
08640,40.01397,-74.57502,COOKSTOW,JCPL,3.62,fuzzy,18.02,18.19,19.98,23.56,17.67,21.77,20.8
08641,40.02799,-74.58782,COOKSTOW,JCPL,3.14,fuzzy,18.02,18.19,19.98,23.56,17.67,21.77,20.8
08648,40.28449,-74.71749,LAWRESUB,PSEG,0.95,manual_town,18.07,18.25,20.02,23.445,17.7,21.74,20.3
08690,40.22583,-74.6601,WHITHRSE,PSEG,0.72,manual_town,,18.29,20.03,23.33,17.68,21.74,
08691,40.20832,-74.60093,WHITHRSE,PSEG,2.81,manual_town,,18.29,20.03,23.33,17.68,21.74,
08701,40.07707,-74.19851,LAKEWOOD,JCPL,1.99,exact,18.16,18.21,20.09,23.74,17.89,21.97,21.0
08720,40.145,-74.1255,LARRABEE,JCPL,4.13,exact,18.15,18.19,20.08,23.72,17.87,21.95,20.9
08721,39.90741,-74.18482,LEISUREV,JCPL,1.5,manual_town,18.16,18.22,20.1,23.75,17.89,21.97,21.0
08722,39.9284,-74.20219,LAKEAVEN,AECO,0.99,manual_town,18.145,18.4725,20.1533,23.88,17.8567,21.9867,21.2
08723,40.03858,-74.1116,LAKEWOOD,JCPL,3.33,exact,18.16,18.21,20.09,23.74,17.89,21.97,21.0
08724,40.09103,-74.1144,LAKEWOOD,JCPL,3.48,exact,18.16,18.21,20.09,23.74,17.89,21.97,21.0
08730,40.10841,-74.06217,LAKEWOOD,JCPL,6.45,exact,18.16,18.21,20.09,23.74,17.89,21.97,21.0
08731,39.85989,-74.29274,LAKEAVEN,AECO,6.07,manual_town,18.145,18.4725,20.1533,23.88,17.8567,21.9867,21.2
08732,39.9418,-74.14384,LEISUREV,JCPL,2.18,manual_town,18.16,18.22,20.1,23.75,17.89,21.97,21.0
08733,40.02687,-74.36367,MANCHEST,JCPL,4.48,fuzzy,18.11,18.21,20.07,23.71,17.84,21.93,21.1
08734,39.86292,-74.16641,OYSTERCR,JCPL,2.5,manual_town,18.15,18.25,20.11,23.76,17.88,21.97,21.0
08735,39.99699,-74.07764,LAKEWOOD,JCPL,6.49,exact,18.16,18.21,20.09,23.74,17.89,21.97,21.0
08736,40.12002,-74.05326,OCEANVIE,JCPL,6.99,fuzzy,18.19,18.13,20.08,23.81,17.96,22.06,21.3
08738,40.02477,-74.05961,LAKEWOOD,JCPL,6.22,exact,18.16,18.21,20.09,23.74,17.89,21.97,21.0
08740,39.92836,-74.12777,LEISUREV,JCPL,2.85,manual_town,18.16,18.22,20.1,23.75,17.89,21.97,21.0
08741,39.93634,-74.16725,LEISUREV,JCPL,0.91,manual_town,18.16,18.22,20.1,23.75,17.89,21.97,21.0
08742,40.08081,-74.05912,LAKEWOOD,JCPL,5.88,exact,18.16,18.21,20.09,23.74,17.89,21.97,21.0
08750,40.13337,-74.0415,OCEANVIE,JCPL,6.06,fuzzy,18.19,18.13,20.08,23.81,17.96,22.06,21.3
08751,39.94963,-74.07952,LEISUREV,JCPL,5.59,manual_town,18.16,18.22,20.1,23.75,17.89,21.97,21.0
08752,39.83664,-74.09018,OYSTERCR,JCPL,2.09,manual_town,18.15,18.25,20.11,23.76,17.88,21.97,21.0
08753,39.97967,-74.15074,LEISUREV,JCPL,3.86,manual_town,18.16,18.22,20.1,23.75,17.89,21.97,21.0
08755,40.00853,-74.22177,MERRILCR,JCPL,0.77,manual_town,17.94,17.59,19.76,23.75,17.48,21.82,21.6
08757,39.96059,-74.26084,MANITOU,JCPL,2.24,exact,18.17,18.24,20.11,23.76,17.89,21.98,21.0
08758,39.79454,-74.25334,BARNEGAT,AECO,2.76,exact,18.15,18.3,20.12,23.78,17.86,21.96,21.0
08759,39.96183,-74.35983,WHITINGS,JCPL,1.17,exact,18.17,18.24,20.11,23.77,17.89,21.98,21.0
08801,40.62961,-74.89049,CSQ_HOPE,PSEG,5.51,manual_town,18.12,18.28,20.06,23.46,17.73,21.76,20.1
08802,40.68426,-75.02329,WASHINGT,AECO,5.95,fuzzy,17.87,18.19,19.89,23.43,17.46,21.57,20.7
08804,40.64666,-75.09576,GILBERT,JCPL,6.42,exact,17.82,17.6,19.52,23.63,17.39,21.68,21.7
08805,40.57064,-74.53755,SENTINEL,PSEG,2.22,exact,18.19,17.98,20.0,23.56,17.9,21.96,20.7
08807,40.59243,-74.61884,BRIDGEWA,PSEG,0.82,manual_town,18.11,17.87,19.94,23.62,17.89,21.93,21.1
08809,40.64604,-74.92461,SAYRECON,JCPL,5.14,manual_town,18.2,17.8,19.97,30.79,18.01,22.19,21.9
08810,40.36829,-74.491,DEANS,PSEG,2.6,exact,18.04,18.36,20.14,23.41,18.06,21.75,20.6
08812,40.59873,-74.47879,GREENBRO,PSEG,0.41,fuzzy,18.16,17.575,19.785,23.905,18.275,22.11,21.8
08816,40.42912,-74.41629,HARTSLAN,PSEG,1.09,fuzzy,18.17,18.33,20.2,23.34,18.12,21.93,20.7
08817,40.51465,-74.3931,MEADOWRD,PSEG,1.23,fuzzy,18.0967,18.4067,20.23,22.645,18.22,21.88,20.9
08820,40.57681,-74.36575,HCS,PSEG,2.41,manual_town,18.25,24.8,24.66,27.09,18.93,22.21,21.7
08821,40.52072,-74.68834,HOPECREE,PSEG,3.12,manual_town,17.66,17.98,19.64,23.11,17.19,21.25,20.3
08822,40.52199,-74.86664,EFLEMING,JCPL,1.44,fuzzy,18.04,18.29,19.95,23.39,17.74,21.72,20.4
08823,40.43861,-74.56521,BENNETTS,PSEG,3.73,fuzzy,18.075,18.22,20.08,23.23,18.04,21.79,20.6
08824,40.42073,-74.55346,DEANS,PSEG,3.73,exact,18.04,18.36,20.14,23.41,18.06,21.75,20.6
08825,40.51419,-75.02716,BRIDGEPO,AECO,4.17,fuzzy,17.74,18.1,19.77,23.31,,,
08826,40.71657,-74.91213,SAYRECON,JCPL,0.23,manual_town,18.2,17.8,19.97,30.79,18.01,22.19,21.9
08827,40.66842,-74.96838,SAYRECON,JCPL,4.66,manual_town,18.2,17.8,19.97,30.79,18.01,22.19,21.9
08828,40.37842,-74.42338,DEANS,PSEG,3.76,exact,18.04,18.36,20.14,23.41,18.06,21.75,20.6
08829,40.67011,-74.89021,CSQ_HOPE,PSEG,2.95,manual_town,18.12,18.28,20.06,23.46,17.73,21.76,20.1
08830,40.57014,-74.31637,HCS,PSEG,0.22,manual_town,18.25,24.8,24.66,27.09,18.93,22.21,21.7
08831,40.33434,-74.4325,ENGLISHT,JCPL,3.75,fuzzy,18.1225,18.135,20.065,23.715,17.8775,21.9775,21.3
08832,40.5114,-74.3185,NEJESCO,JCPL,2.37,exact,18.18,17.79,19.96,23.89,17.98,22.16,21.9
08833,40.64554,-74.81626,CSQ_HOPE,PSEG,4.74,manual_town,18.12,18.28,20.06,23.46,17.73,21.76,20.1
08835,40.54179,-74.58859,MANVILTP,AECO,0.06,manual_town,,,19.79,23.29,17.37,21.47,
08836,40.59638,-74.55732,BRIDGEWA,PSEG,2.46,manual_town,18.11,17.87,19.94,23.62,17.89,21.93,21.1
08837,40.51428,-74.34386,EAGLEGEN,PSEG,1.22,manual_town,17.82,18.15,19.82,23.33,17.35,21.505,20.7
08840,40.54314,-74.35898,METUCHEN,PSEG,0.35,fuzzy,18.11,18.44,20.28,22.29,18.31,21.93,21.1
08844,40.49769,-74.67051,HOPECREE,PSEG,1.33,manual_town,17.66,17.98,19.64,23.11,17.19,21.25,20.3
08846,40.57463,-74.49826,GREENBRO,PSEG,1.67,fuzzy,18.16,17.575,19.785,23.905,18.275,22.11,21.8
08848,40.59427,-75.09666,BRIDGEPO,AECO,3.46,fuzzy,17.74,18.1,19.77,23.31,,,
08850,40.44915,-74.44031,BRUNSWIC,PSEG,1.11,fuzzy,18.08,18.31,20.13,23.14,18.06,21.8,20.6
08852,40.38991,-74.54409,DOWJONES,PSEG,2.7,fuzzy,18.15,18.27,20.09,23.38,17.85,21.86,20.4
08853,40.52731,-74.74204,HOPECREE,PSEG,5.19,manual_town,17.66,17.98,19.64,23.11,17.19,21.25,20.3
08854,40.53966,-74.46279,BARCLAYS,PSEG,0.55,exact,18.19,17.87,19.99,23.71,18.23,22.1,21.5
08857,40.39279,-74.3304,DEEPRN,JCPL,0.68,fuzzy,18.18,17.95,20.01,23.83,17.96,22.09,21.5
08858,40.68268,-74.73704,TEWKSBRY,JCPL,2.75,fuzzy,17.91,17.3,19.45,23.69,17.38,21.81,21.8
08859,40.45817,-74.3038,PARLIN,JCPL,1.19,exact,18.16,17.85,19.98,23.9,17.99,22.15,22.0
08861,40.52049,-74.27294,WERNER,JCPL,2.15,exact,18.2,17.85,20.0,23.9,17.99,22.19,21.9
08863,40.53724,-74.31222,SUNNYMEA,PSEG,1.15,manual_town,18.06,18.115,20.02,23.31,17.79,21.77,20.5
08865,40.70823,-75.14707,WASHINGT,AECO,9.29,fuzzy,17.87,18.19,19.89,23.43,17.46,21.57,20.7
08867,40.57446,-74.9661,BRIDGEPO,AECO,7.14,fuzzy,17.74,18.1,19.77,23.31,,,
08869,40.57134,-74.64603,SOMERVIL,PSEG,1.83,fuzzy,18.1,17.9,19.94,23.56,17.86,21.88,20.9
08872,40.45574,-74.35147,SAYREVIL,JCPL,1.07,fuzzy,18.18,17.87,20.01,23.88,17.97,22.18,22.0
08873,40.49967,-74.53184,BENNETTS,PSEG,0.99,fuzzy,18.075,18.22,20.08,23.23,18.04,21.79,20.6
08876,40.58955,-74.68541,READINGT,JCPL,0.68,fuzzy,18.14,17.85,19.98,23.45,17.87,21.85,20.5
08879,40.46641,-74.27863,WERNER,JCPL,1.64,exact,18.2,17.85,20.0,23.9,17.99,22.19,21.9
08880,40.55395,-74.52746,SENTINEL,PSEG,1.37,exact,18.19,17.98,20.0,23.56,17.9,21.96,20.7
08882,40.44565,-74.37846,HARTSLAN,PSEG,1.5,fuzzy,18.17,18.33,20.2,23.34,18.12,21.93,20.7
08884,40.39361,-74.39274,DEEPRN,JCPL,2.71,fuzzy,18.18,17.95,20.01,23.83,17.96,22.09,21.5
08886,40.68764,-75.10073,WASHINGT,AECO,8.05,fuzzy,17.87,18.19,19.89,23.43,17.46,21.57,20.7
08887,40.52152,-74.79594,EFLEMING,JCPL,3.79,fuzzy,18.04,18.29,19.95,23.39,17.74,21.72,20.4
08889,40.60902,-74.75422,CHESTJCT,JCPL,3.16,manual_town,17.99,17.37,19.55,24.05,18.1,21.99,22.2
08890,40.53905,-74.57541,MANVILTP,AECO,0.72,manual_town,,,19.79,23.29,17.37,21.47,
08901,40.48364,-74.44246,COXSCORN,PSEG,1.32,manual_town,17.86,18.12,19.83,23.33,17.41,21.53,20.5
08902,40.44151,-74.49121,ADAMS,PSEG,1.3,exact,18.08,18.285,20.115,23.17,18.06,21.8,20.6
08904,40.50079,-74.42791,MELRICH,PSEG,1.61,manual_town,,18.33,20.12,23.27,17.81,21.85,
