YEAR,ZIP_Code,modeled_bill,utility,census_bill
2021,07001,159.42,PSE&G,133.77
2021,07002,149.00,PSE&G,154.44
2021,07003,168.79,PSE&G,157.00
2021,07004,216.82,PSE&G,221.05
2021,07005,156.83,JCP&L,131.09
2021,07006,202.96,PSE&G,221.05
2021,07008,182.08,PSE&G,133.77
2021,07009,206.49,PSE&G,221.05
2021,07010,145.26,PSE&G,150.69
2021,07011,169.54,PSE&G,152.74
2021,07012,179.75,PSE&G,152.74
2021,07013,194.10,PSE&G,169.80
2021,07014,178.09,PSE&G,152.74
2021,07016,208.43,PSE&G,148.64
2021,07017,139.77,PSE&G,174.75
2021,07018,136.22,PSE&G,174.77
2021,07020,119.13,PSE&G,150.69
2021,07021,261.51,PSE&G,221.05
2021,07022,154.99,PSE&G,150.69
2021,07023,223.92,PSE&G,166.15
2021,07024,125.12,PSE&G,150.69
2021,07026,167.44,PSE&G,170.12
2021,07027,179.48,PSE&G,166.15
2021,07028,225.45,PSE&G,221.05
2021,07029,130.05,PSE&G,154.44
2021,07030,113.73,PSE&G,129.09
2021,07031,171.37,PSE&G,167.82
2021,07032,165.89,PSE&G,154.44
2021,07033,210.09,PSE&G,128.52
2021,07034,126.64,JCP&L,131.16
2021,07035,136.38,JCP&L,131.14
2021,07036,181.14,PSE&G,134.82
2021,07039,224.26,PSE&G,203.44
2021,07040,200.47,PSE&G,174.77
2021,07041,197.64,PSE&G,203.35
2021,07042,170.21,PSE&G,221.05
2021,07043,232.07,PSE&G,219.70
2021,07044,191.34,PSE&G,221.05
2021,07045,159.41,JCP&L,131.16
2021,07046,195.40,JCP&L,131.16
2021,07047,141.53,PSE&G,146.90
2021,07050,139.45,PSE&G,174.85
2021,07052,192.24,PSE&G,203.44
2021,07054,123.56,JCP&L,131.16
2021,07055,141.78,PSE&G,152.74
2021,07057,156.60,PSE&G,167.82
2021,07058,151.77,JCP&L,131.16
2021,07059,235.83,PSE&G,191.07
2021,07060,162.16,PSE&G,168.73
2021,07062,193.12,PSE&G,166.70
2021,07063,193.71,PSE&G,167.83
2021,07064,226.56,PSE&G,133.77
2021,07065,167.07,PSE&G,134.82
2021,07066,208.09,PSE&G,134.82
2021,07067,222.58,PSE&G,133.77
2021,07068,208.14,PSE&G,203.44
2021,07069,221.38,PSE&G,172.25
2021,07070,186.86,PSE&G,167.82
2021,07071,175.50,PSE&G,167.82
2021,07072,190.17,PSE&G,167.82
2021,07073,150.64,PSE&G,167.82
2021,07074,187.73,PSE&G,167.82
2021,07075,181.29,PSE&G,167.82
2021,07076,214.52,PSE&G,161.62
2021,07077,202.65,PSE&G,133.77
2021,07078,257.37,PSE&G,203.44
2021,07079,190.99,PSE&G,174.77
2021,07080,210.83,PSE&G,179.92
2021,07081,187.63,PSE&G,148.77
2021,07082,172.16,JCP&L,131.16
2021,07083,197.43,PSE&G,128.52
2021,07086,128.31,PSE&G,129.09
2021,07087,128.73,PSE&G,129.08
2021,07088,186.20,PSE&G,128.52
2021,07090,224.66,PSE&G,158.45
2021,07092,241.51,PSE&G,148.77
2021,07093,123.62,PSE&G,146.90
2021,07094,148.31,PSE&G,146.90
2021,07095,162.63,PSE&G,134.57
2021,07102,105.90,PSE&G,131.94
2021,07103,152.50,PSE&G,171.89
2021,07104,140.71,PSE&G,125.29
2021,07105,143.81,PSE&G,125.29
2021,07106,153.49,PSE&G,175.47
2021,07107,152.95,PSE&G,132.87
2021,07108,150.09,PSE&G,175.47
2021,07109,169.78,PSE&G,157.00
2021,07110,188.64,PSE&G,157.00
2021,07111,145.17,PSE&G,174.77
2021,07112,150.47,PSE&G,175.47
2021,07114,134.44,PSE&G,140.00
2021,07201,147.33,PSE&G,108.80
2021,07202,143.24,PSE&G,108.80
2021,07203,177.45,PSE&G,133.22
2021,07204,179.00,PSE&G,128.52
2021,07205,197.45,PSE&G,128.52
2021,07206,159.55,PSE&G,108.80
2021,07208,137.43,PSE&G,108.80
2021,07302,110.89,PSE&G,118.96
2021,07304,137.36,PSE&G,193.31
2021,07305,154.16,PSE&G,195.62
2021,07306,127.91,PSE&G,139.58
2021,07307,144.95,PSE&G,118.96
2021,07310,98.13,PSE&G,118.96
2021,07311,93.48,PSE&G,118.96
2021,07401,204.41,Rockland Electric,199.21
2021,07403,196.00,PSE&G,184.65
2021,07405,159.84,JCP&L,129.44
2021,07407,180.96,PSE&G,170.12
2021,07410,209.39,PSE&G,170.12
2021,07416,137.41,JCP&L,156.67
2021,07417,254.91,PSE&G,199.21
2021,07418,177.34,JCP&L,156.67
2021,07419,141.65,JCP&L,156.67
2021,07420,193.81,PSE&G,184.65
2021,07421,223.08,PSE&G,182.56
2021,07422,221.18,PSE&G,156.67
2021,07423,240.62,PSE&G,259.24
2021,07424,177.93,PSE&G,180.11
2021,07430,185.62,Rockland Electric,199.21
2021,07432,202.28,PSE&G,199.21
2021,07435,229.09,PSE&G,159.65
2021,07436,221.89,Rockland Electric,199.21
2021,07438,217.63,PSE&G,135.26
2021,07439,164.95,JCP&L,156.67
2021,07440,166.41,JCP&L,129.44
2021,07442,195.04,PSE&G,184.65
2021,07444,126.56,JCP&L,129.44
2021,07446,214.34,Rockland Electric,199.21
2021,07450,222.52,PSE&G,259.24
2021,07452,233.15,PSE&G,259.24
2021,07456,231.90,PSE&G,184.65
2021,07457,112.48,JCP&L,129.44
2021,07458,255.37,Rockland Electric,259.24
2021,07460,169.58,JCP&L,155.87
2021,07461,153.81,JCP&L,156.67
2021,07462,134.01,JCP&L,156.67
2021,07463,217.92,PSE&G,199.21
2021,07465,192.20,PSE&G,184.65
2021,07470,206.38,PSE&G,183.39
2021,07480,205.03,PSE&G,184.65
2021,07481,234.24,PSE&G,199.21
2021,07501,141.26,PSE&G,191.90
2021,07502,179.77,PSE&G,191.90
2021,07503,156.40,PSE&G,191.90
2021,07504,170.04,PSE&G,191.90
2021,07505,111.64,PSE&G,191.90
2021,07506,191.85,PSE&G,180.11
2021,07508,186.52,PSE&G,180.11
2021,07512,207.03,PSE&G,180.11
2021,07513,165.32,PSE&G,191.90
2021,07514,149.19,PSE&G,191.90
2021,07522,153.86,PSE&G,191.90
2021,07524,152.90,PSE&G,191.90
2021,07601,131.56,PSE&G,167.50
2021,07603,197.76,PSE&G,167.50
2021,07604,193.44,PSE&G,167.82
2021,07605,192.02,PSE&G,150.69
2021,07606,186.57,PSE&G,167.82
2021,07607,200.59,PSE&G,199.22
2021,07608,164.40,PSE&G,167.82
2021,07620,260.26,PSE&G,215.06
2021,07621,200.31,PSE&G,199.22
2021,07624,227.66,PSE&G,215.06
2021,07626,213.19,PSE&G,215.06
2021,07627,244.48,PSE&G,215.06
2021,07628,199.96,PSE&G,199.22
2021,07630,223.49,PSE&G,259.24
2021,07631,163.38,PSE&G,181.45
2021,07632,237.42,PSE&G,215.06
2021,07640,227.99,PSE&G,215.06
2021,07641,243.40,PSE&G,215.06
2021,07642,224.23,PSE&G,259.24
2021,07643,158.85,PSE&G,167.82
2021,07644,162.26,PSE&G,170.12
2021,07645,214.45,PSE&G,215.06
2021,07646,196.26,PSE&G,199.22
2021,07647,213.70,PSE&G,215.06
2021,07648,209.06,PSE&G,215.06
2021,07649,231.16,PSE&G,259.24
2021,07650,156.89,PSE&G,150.69
2021,07652,223.73,PSE&G,199.22
2021,07656,211.47,PSE&G,215.12
2021,07657,177.95,PSE&G,150.69
2021,07660,166.00,PSE&G,150.69
2021,07661,206.91,PSE&G,199.22
2021,07662,201.45,PSE&G,199.22
2021,07663,195.39,PSE&G,170.12
2021,07666,205.78,PSE&G,167.50
2021,07670,221.53,PSE&G,215.02
2021,07675,211.85,PSE&G,233.65
2021,07676,227.34,PSE&G,259.24
2021,07677,249.52,PSE&G,259.24
2021,07701,137.64,JCP&L,138.86
2021,07702,167.99,JCP&L,139.65
2021,07704,178.47,JCP&L,139.65
2021,07711,170.96,JCP&L,125.62
2021,07712,119.92,JCP&L,126.53
2021,07716,142.84,JCP&L,139.65
2021,07717,145.77,JCP&L,137.67
2021,07718,169.25,JCP&L,139.65
2021,07719,146.45,JCP&L,137.67
2021,07720,121.97,JCP&L,137.67
2021,07721,123.87,JCP&L,136.39
2021,07722,195.13,JCP&L,166.09
2021,07723,169.85,JCP&L,125.62
2021,07724,134.82,JCP&L,131.63
2021,07726,157.94,JCP&L,163.47
2021,07727,158.45,JCP&L,161.84
2021,07728,149.62,JCP&L,163.75
2021,07730,163.64,JCP&L,136.53
2021,07731,165.70,JCP&L,165.96
2021,07732,119.23,JCP&L,139.65
2021,07733,175.38,JCP&L,136.53
2021,07734,139.14,JCP&L,136.53
2021,07735,149.12,JCP&L,135.88
2021,07737,164.93,JCP&L,139.65
2021,07738,167.98,JCP&L,136.53
2021,07739,176.70,JCP&L,139.65
2021,07740,117.53,JCP&L,125.62
2021,07746,177.19,JCP&L,166.09
2021,07747,140.11,JCP&L,134.53
2021,07748,163.51,JCP&L,138.77
2021,07750,127.79,JCP&L,125.62
2021,07751,170.05,JCP&L,166.09
2021,07753,133.86,JCP&L,137.67
2021,07755,170.51,JCP&L,125.62
2021,07756,142.19,JCP&L,137.67
2021,07757,165.19,JCP&L,125.62
2021,07758,158.97,JCP&L,139.65
2021,07760,164.93,JCP&L,139.65
2021,07762,144.55,JCP&L,137.67
2021,07764,155.47,JCP&L,125.62
2021,07801,133.76,JCP&L,130.57
2021,07803,155.15,JCP&L,147.91
2021,07821,171.33,JCP&L,154.24
2021,07822,174.95,JCP&L,156.67
2021,07823,143.12,JCP&L,131.43
2021,07825,170.95,JCP&L,131.43
2021,07826,163.29,JCP&L,156.67
2021,07827,152.82,JCP&L,156.67
2021,07828,130.10,JCP&L,147.91
2021,07830,180.03,JCP&L,174.16
2021,07832,168.10,JCP&L,131.43
2021,07833,180.19,JCP&L,131.43
2021,07834,159.16,JCP&L,129.56
2021,07836,151.35,JCP&L,147.91
2021,07838,173.68,JCP&L,131.43
2021,07840,142.82,JCP&L,134.99
2021,07843,161.32,JCP&L,156.67
2021,07846,198.55,JCP&L,131.43
2021,07847,165.15,JCP&L,147.91
2021,07848,161.00,JCP&L,156.67
2021,07849,165.41,JCP&L,129.59
2021,07850,163.18,JCP&L,147.91
2021,07851,169.89,JCP&L,156.67
2021,07852,136.23,JCP&L,147.91
2021,07853,182.61,JCP&L,147.91
2021,07856,123.25,JCP&L,147.91
2021,07857,140.64,JCP&L,147.91
2021,07860,154.61,JCP&L,156.19
2021,07863,160.67,JCP&L,131.43
2021,07865,165.53,JCP&L,142.11
2021,07866,148.15,JCP&L,129.44
2021,07869,163.04,JCP&L,147.81
2021,07871,172.59,JCP&L,156.67
2021,07874,163.25,JCP&L,156.44
2021,07876,174.51,JCP&L,147.91
2021,07878,169.58,JCP&L,131.16
2021,07880,172.98,JCP&L,131.43
2021,07882,154.26,JCP&L,132.34
2021,07885,132.86,JCP&L,130.75
2021,07901,206.13,PSE&G,148.77
2021,07920,207.70,PSE&G,190.68
2021,07921,170.60,PSE&G,191.07
2021,07922,227.44,PSE&G,148.77
2021,07924,237.07,PSE&G,191.07
2021,07927,140.44,JCP&L,145.92
2021,07928,162.68,JCP&L,145.92
2021,07930,194.78,JCP&L,147.91
2021,07931,257.43,PSE&G,180.70
2021,07932,139.61,JCP&L,145.92
2021,07933,174.86,JCP&L,145.92
2021,07934,235.76,PSE&G,191.07
2021,07935,194.02,JCP&L,145.92
2021,07936,170.45,JCP&L,131.16
2021,07940,153.13,JCP&L,145.92
2021,07945,193.55,JCP&L,147.91
2021,07946,178.34,JCP&L,145.92
2021,07950,144.48,JCP&L,137.97
2021,07960,137.08,JCP&L,145.97
2021,07970,184.91,JCP&L,147.91
2021,07974,209.74,PSE&G,148.77
2021,07976,180.65,JCP&L,145.92
2021,07977,238.21,PSE&G,191.07
2021,07980,163.65,JCP&L,145.92
2021,07981,158.17,JCP&L,145.92
2021,08001,217.69,Atlantic City Electric,202.11
2021,08002,184.56,PSE&G,200.83
2021,08003,222.59,PSE&G,200.77
2021,08004,218.49,PSE&G,174.73
2021,08005,161.29,JCP&L,161.21
2021,08006,169.28,JCP&L,161.21
2021,08007,175.88,PSE&G,160.28
2021,08008,165.72,JCP&L,161.21
2021,08009,207.24,PSE&G,165.71
2021,08010,174.01,Atlantic City Electric,185.00
2021,08012,195.83,PSE&G,176.95
2021,08014,218.74,Atlantic City Electric,191.11
2021,08015,200.40,Atlantic City Electric,195.23
2021,08016,184.73,Atlantic City Electric,185.06
2021,08019,211.51,Atlantic City Electric,195.23
2021,08020,215.59,Atlantic City Electric,191.11
2021,08021,164.70,PSE&G,166.34
2021,08022,222.94,Atlantic City Electric,195.23
2021,08023,221.52,Atlantic City Electric,202.11
2021,08026,225.10,PSE&G,200.83
2021,08027,207.15,Atlantic City Electric,191.11
2021,08028,178.08,Atlantic City Electric,190.83
2021,08029,202.18,PSE&G,174.73
2021,08030,188.53,PSE&G,189.39
2021,08031,189.68,PSE&G,174.73
2021,08033,211.18,PSE&G,188.00
2021,08034,201.78,PSE&G,200.83
2021,08035,214.35,PSE&G,160.06
2021,08036,216.92,Atlantic City Electric,195.23
2021,08037,197.16,Atlantic City Electric,173.77
2021,08038,204.63,Atlantic City Electric,202.11
2021,08041,233.08,Atlantic City Electric,195.23
2021,08042,209.23,Atlantic City Electric,195.23
2021,08043,183.77,PSE&G,200.83
2021,08045,204.90,PSE&G,160.06
2021,08046,210.29,Atlantic City Electric,195.23
2021,08048,192.20,Atlantic City Electric,195.23
2021,08049,197.96,PSE&G,162.61
2021,08050,160.23,JCP&L,161.21
2021,08051,183.93,Atlantic City Electric,188.32
2021,08052,152.67,Atlantic City Electric,197.35
2021,08053,186.16,Atlantic City Electric,197.37
2021,08054,184.10,Atlantic City Electric,197.37
2021,08055,216.65,Atlantic City Electric,197.37
2021,08056,229.04,Atlantic City Electric,191.11
2021,08057,213.52,Atlantic City Electric,197.16
2021,08059,204.23,PSE&G,160.06
2021,08060,187.02,Atlantic City Electric,195.23
2021,08061,210.42,Atlantic City Electric,191.11
2021,08062,227.72,Atlantic City Electric,191.11
2021,08063,202.04,Atlantic City Electric,179.66
2021,08065,181.82,Atlantic City Electric,184.96
2021,08066,179.37,Atlantic City Electric,179.66
2021,08067,214.70,Atlantic City Electric,202.11
2021,08068,183.10,Atlantic City Electric,195.23
2021,08069,179.36,Atlantic City Electric,202.11
2021,08070,190.07,Atlantic City Electric,202.11
2021,08071,193.71,Atlantic City Electric,191.11
2021,08072,213.07,Atlantic City Electric,202.11
2021,08075,185.88,Atlantic City Electric,184.96
2021,08077,206.94,Atlantic City Electric,184.96
2021,08078,198.26,PSE&G,174.73
2021,08079,184.18,Atlantic City Electric,202.11
2021,08080,207.09,Atlantic City Electric,181.62
2021,08081,213.34,PSE&G,174.93
2021,08083,209.27,PSE&G,165.05
2021,08084,198.65,PSE&G,160.06
2021,08085,207.35,Atlantic City Electric,191.18
2021,08086,170.60,Atlantic City Electric,179.66
2021,08087,159.30,JCP&L,162.03
2021,08088,221.82,Atlantic City Electric,195.23
2021,08089,224.05,PSE&G,174.73
2021,08090,218.89,Atlantic City Electric,179.66
2021,08091,200.67,PSE&G,160.06
2021,08092,168.02,JCP&L,161.21
2021,08093,174.46,Atlantic City Electric,179.66
2021,08094,199.67,Atlantic City Electric,189.67
2021,08096,188.38,Atlantic City Electric,179.66
2021,08097,221.53,Atlantic City Electric,179.66
2021,08098,203.72,Atlantic City Electric,202.11
2021,08102,137.23,PSE&G,189.39
2021,08103,175.13,PSE&G,189.39
2021,08104,164.47,PSE&G,189.35
2021,08105,175.48,PSE&G,189.39
2021,08106,202.19,PSE&G,160.06
2021,08107,175.16,PSE&G,160.06
2021,08108,183.93,PSE&G,160.06
2021,08109,196.45,PSE&G,191.67
2021,08110,201.32,PSE&G,189.39
2021,08201,177.20,Atlantic City Electric,164.41
2021,08202,206.47,Atlantic City Electric,171.33
2021,08203,173.48,Atlantic City Electric,162.61
2021,08204,193.63,Atlantic City Electric,171.33
2021,08205,186.29,Atlantic City Electric,162.61
2021,08210,199.17,Atlantic City Electric,171.33
2021,08212,206.36,Atlantic City Electric,171.33
2021,08215,196.24,Atlantic City Electric,169.72
2021,08221,213.61,Atlantic City Electric,173.54
2021,08223,204.99,Atlantic City Electric,171.33
2021,08224,221.91,Atlantic City Electric,195.23
2021,08225,206.49,Atlantic City Electric,173.54
2021,08226,169.71,Atlantic City Electric,171.33
2021,08230,204.70,Atlantic City Electric,171.33
2021,08232,174.18,Atlantic City Electric,173.54
2021,08234,197.70,Atlantic City Electric,173.54
2021,08241,212.90,Atlantic City Electric,162.61
2021,08242,186.24,Atlantic City Electric,171.33
2021,08243,177.96,Atlantic City Electric,171.33
2021,08244,161.72,Atlantic City Electric,171.34
2021,08246,189.16,Atlantic City Electric,171.33
2021,08247,201.89,Atlantic City Electric,171.33
2021,08248,200.17,Atlantic City Electric,171.33
2021,08251,198.97,Atlantic City Electric,171.33
2021,08260,165.26,Atlantic City Electric,171.33
2021,08270,201.28,Atlantic City Electric,171.47
2021,08302,185.91,Atlantic City Electric,199.59
2021,08310,170.44,Atlantic City Electric,173.54
2021,08311,209.02,Atlantic City Electric,175.39
2021,08312,190.14,Atlantic City Electric,191.11
2021,08314,216.83,Atlantic City Electric,175.39
2021,08316,192.33,Atlantic City Electric,175.39
2021,08317,215.71,Atlantic City Electric,173.54
2021,08318,208.39,Atlantic City Electric,202.11
2021,08319,201.66,Atlantic City Electric,173.54
2021,08321,187.58,Atlantic City Electric,175.39
2021,08322,211.53,Atlantic City Electric,191.11
2021,08323,211.71,Atlantic City Electric,202.11
2021,08324,188.15,Atlantic City Electric,175.39
2021,08326,198.84,Atlantic City Electric,173.54
2021,08327,203.74,Atlantic City Electric,175.39
2021,08328,209.97,Atlantic City Electric,191.11
2021,08329,224.03,Atlantic City Electric,175.39
2021,08330,181.51,Atlantic City Electric,173.45
2021,08332,185.18,Atlantic City Electric,175.93
2021,08340,210.06,Atlantic City Electric,174.09
2021,08341,169.01,Atlantic City Electric,173.54
2021,08343,217.09,Atlantic City Electric,194.68
2021,08344,205.94,Atlantic City Electric,188.23
2021,08345,202.89,Atlantic City Electric,175.39
2021,08346,209.23,Atlantic City Electric,173.54
2021,08348,201.84,Atlantic City Electric,175.39
2021,08349,214.16,Atlantic City Electric,175.39
2021,08350,209.23,Atlantic City Electric,173.54
2021,08352,209.23,Atlantic City Electric,202.11
2021,08353,206.41,Atlantic City Electric,202.11
2021,08360,181.51,Atlantic City Electric,175.76
2021,08361,197.13,Atlantic City Electric,175.39
2021,08401,132.44,Atlantic City Electric,162.61
2021,08402,181.51,Atlantic City Electric,162.61
2021,08403,195.33,Atlantic City Electric,173.54
2021,08406,173.14,Atlantic City Electric,162.61
2021,08501,171.43,JCP&L,166.48
2021,08502,225.69,PSE&G,181.14
2021,08505,182.68,Atlantic City Electric,185.51
2021,08510,197.92,JCP&L,163.36
2021,08511,179.06,Atlantic City Electric,195.23
2021,08512,169.60,PSE&G,182.16
2021,08514,177.15,JCP&L,159.93
2021,08515,213.17,Atlantic City Electric,195.23
2021,08518,188.10,Atlantic City Electric,184.96
2021,08520,177.39,PSE&G,183.85
2021,08525,225.04,PSE&G,183.08
2021,08527,158.39,JCP&L,155.98
2021,08528,212.25,PSE&G,181.02
2021,08530,148.33,JCP&L,179.29
2021,08533,163.48,JCP&L,155.98
2021,08534,221.86,PSE&G,183.74
2021,08535,184.91,JCP&L,163.36
2021,08536,148.52,PSE&G,180.63
2021,08540,184.75,PSE&G,182.83
2021,08542,157.57,PSE&G,183.74
2021,08550,216.69,PSE&G,183.74
2021,08551,179.89,JCP&L,179.00
2021,08553,216.97,PSE&G,181.14
2021,08554,181.47,Atlantic City Electric,184.96
2021,08555,161.12,JCP&L,163.36
2021,08558,225.14,PSE&G,181.18
2021,08559,171.15,JCP&L,179.00
2021,08560,239.96,PSE&G,183.47
2021,08561,202.59,PSE&G,191.05
2021,08562,176.50,Atlantic City Electric,195.23
2021,08608,113.92,PSE&G,181.07
2021,08609,159.88,PSE&G,184.36
2021,08610,144.53,JCP&L,189.72
2021,08611,123.83,JCP&L,181.32
2021,08618,166.22,PSE&G,181.07
2021,08619,192.31,PSE&G,191.05
2021,08620,207.93,PSE&G,191.17
2021,08628,177.27,PSE&G,181.07
2021,08629,186.91,PSE&G,185.38
2021,08638,181.46,PSE&G,181.07
2021,08640,168.10,Atlantic City Electric,195.23
2021,08641,180.88,Atlantic City Electric,195.23
2021,08648,183.92,PSE&G,183.73
2021,08690,208.53,PSE&G,191.05
2021,08691,184.34,PSE&G,190.67
2021,08701,134.44,JCP&L,152.54
2021,08720,167.87,JCP&L,137.67
2021,08721,159.20,JCP&L,122.29
2021,08722,167.27,JCP&L,122.29
2021,08723,153.28,JCP&L,146.95
2021,08724,153.97,JCP&L,146.81
2021,08730,169.49,JCP&L,137.67
2021,08731,163.87,JCP&L,161.21
2021,08732,165.57,JCP&L,122.29
2021,08733,143.77,JCP&L,155.98
2021,08734,167.93,JCP&L,161.21
2021,08735,157.22,JCP&L,145.12
2021,08736,163.66,JCP&L,137.67
2021,08738,172.70,JCP&L,145.12
2021,08740,161.03,JCP&L,122.29
2021,08741,167.54,JCP&L,122.29
2021,08742,156.23,JCP&L,145.12
2021,08750,174.36,JCP&L,137.67
2021,08751,133.30,JCP&L,122.29
2021,08752,143.14,JCP&L,122.29
2021,08753,157.70,JCP&L,132.42
2021,08755,147.65,JCP&L,144.93
2021,08757,153.73,JCP&L,132.29
2021,08758,161.53,JCP&L,161.21
2021,08759,136.02,JCP&L,155.97
2021,08801,157.76,JCP&L,179.00
2021,08802,178.81,JCP&L,164.03
2021,08804,169.56,JCP&L,164.99
2021,08805,174.66,PSE&G,172.25
2021,08807,208.75,PSE&G,175.41
2021,08809,141.82,JCP&L,179.00
2021,08810,195.56,PSE&G,180.63
2021,08812,198.64,PSE&G,175.86
2021,08816,201.90,PSE&G,172.45
2021,08817,171.61,PSE&G,146.75
2021,08820,197.68,PSE&G,163.08
2021,08821,224.34,PSE&G,191.07
2021,08822,155.90,JCP&L,179.00
2021,08823,160.03,PSE&G,181.14
2021,08824,226.88,PSE&G,180.63
2021,08825,161.02,JCP&L,179.00
2021,08826,160.36,JCP&L,179.00
2021,08827,167.33,JCP&L,175.69
2021,08828,158.92,PSE&G,131.21
2021,08829,155.33,JCP&L,179.00
2021,08830,186.19,PSE&G,133.77
2021,08831,203.26,PSE&G,131.63
2021,08832,146.48,PSE&G,146.70
2021,08833,171.42,JCP&L,179.00
2021,08835,196.70,PSE&G,172.25
2021,08836,262.29,PSE&G,185.78
2021,08837,157.49,PSE&G,146.70
2021,08840,202.57,PSE&G,144.48
2021,08844,205.91,PSE&G,186.38
2021,08846,197.92,PSE&G,179.92
2021,08848,169.94,JCP&L,179.00
2021,08850,219.34,PSE&G,170.01
2021,08852,171.92,PSE&G,180.63
2021,08853,215.60,PSE&G,189.59
2021,08854,185.17,PSE&G,178.11
2021,08857,189.03,PSE&G,131.18
2021,08859,175.35,PSE&G,127.10
2021,08861,161.65,PSE&G,127.97
2021,08863,197.81,PSE&G,140.81
2021,08865,148.06,JCP&L,131.43
2021,08867,178.91,JCP&L,179.00
2021,08869,178.34,PSE&G,172.25
2021,08872,182.40,PSE&G,127.10
2021,08873,181.64,PSE&G,181.14
2021,08876,184.91,PSE&G,180.53
2021,08879,184.05,PSE&G,128.28
2021,08880,188.47,PSE&G,172.25
2021,08882,204.40,PSE&G,167.95
2021,08884,196.78,PSE&G,131.21
2021,08886,167.37,JCP&L,131.43
2021,08887,128.32,JCP&L,179.00
2021,08889,164.09,JCP&L,179.00
2021,08901,145.82,PSE&G,167.95
2021,08902,172.84,PSE&G,176.30
2021,08904,158.27,PSE&G,167.95
2022,07001,159.26,PSE&G,144.73
2022,07002,148.84,PSE&G,158.26
2022,07003,168.62,PSE&G,195.89
2022,07004,216.60,PSE&G,232.24
2022,07005,161.29,JCP&L,135.43
2022,07006,202.75,PSE&G,232.24
2022,07008,181.90,PSE&G,144.73
2022,07009,206.28,PSE&G,232.17
2022,07010,145.11,PSE&G,162.07
2022,07011,169.36,PSE&G,150.24
2022,07012,179.57,PSE&G,150.24
2022,07013,193.90,PSE&G,180.89
2022,07014,177.91,PSE&G,150.24
2022,07016,208.22,PSE&G,162.75
2022,07017,139.62,PSE&G,204.61
2022,07018,136.08,PSE&G,204.61
2022,07020,119.00,PSE&G,162.07
2022,07021,261.25,PSE&G,232.24
2022,07022,154.83,PSE&G,162.07
2022,07023,223.69,PSE&G,202.27
2022,07024,124.99,PSE&G,162.07
2022,07026,167.27,PSE&G,203.05
2022,07027,179.30,PSE&G,162.75
2022,07028,225.22,PSE&G,231.59
2022,07029,129.92,PSE&G,158.26
2022,07030,113.61,PSE&G,132.95
2022,07031,171.20,PSE&G,180.62
2022,07032,165.72,PSE&G,158.26
2022,07033,209.87,PSE&G,178.73
2022,07034,130.25,JCP&L,134.70
2022,07035,140.27,JCP&L,134.89
2022,07036,180.95,PSE&G,221.00
2022,07039,224.03,PSE&G,237.81
2022,07040,200.26,PSE&G,203.04
2022,07041,197.44,PSE&G,237.81
2022,07042,170.04,PSE&G,232.24
2022,07043,231.84,PSE&G,230.52
2022,07044,191.15,PSE&G,232.24
2022,07045,163.95,JCP&L,134.70
2022,07046,200.96,JCP&L,134.86
2022,07047,141.38,PSE&G,174.51
2022,07050,139.31,PSE&G,204.61
2022,07052,192.04,PSE&G,237.80
2022,07054,127.08,JCP&L,134.70
2022,07055,141.63,PSE&G,150.24
2022,07057,156.44,PSE&G,180.62
2022,07058,156.09,JCP&L,134.70
2022,07059,235.59,PSE&G,195.29
2022,07060,162.00,PSE&G,198.66
2022,07062,192.92,PSE&G,201.42
2022,07063,193.51,PSE&G,200.00
2022,07064,226.32,PSE&G,144.73
2022,07065,166.90,PSE&G,221.00
2022,07066,207.88,PSE&G,220.99
2022,07067,222.35,PSE&G,144.73
2022,07068,207.93,PSE&G,237.81
2022,07069,221.16,PSE&G,193.66
2022,07070,186.67,PSE&G,180.62
2022,07071,175.33,PSE&G,180.62
2022,07072,189.98,PSE&G,180.62
2022,07073,150.49,PSE&G,180.62
2022,07074,187.54,PSE&G,180.62
2022,07075,181.10,PSE&G,180.62
2022,07076,214.31,PSE&G,202.27
2022,07077,202.45,PSE&G,144.73
2022,07078,257.11,PSE&G,237.81
2022,07079,190.80,PSE&G,203.05
2022,07080,210.62,PSE&G,204.33
2022,07081,187.44,PSE&G,162.75
2022,07082,177.06,JCP&L,134.70
2022,07083,197.23,PSE&G,178.73
2022,07086,128.18,PSE&G,132.95
2022,07087,128.60,PSE&G,132.95
2022,07088,186.01,PSE&G,178.73
2022,07090,224.44,PSE&G,202.27
2022,07092,241.27,PSE&G,163.05
2022,07093,123.50,PSE&G,174.51
2022,07094,148.16,PSE&G,174.51
2022,07095,162.47,PSE&G,145.82
2022,07102,105.79,PSE&G,169.17
2022,07103,152.34,PSE&G,226.74
2022,07104,140.56,PSE&G,147.23
2022,07105,143.66,PSE&G,147.23
2022,07106,153.33,PSE&G,227.09
2022,07107,152.79,PSE&G,165.77
2022,07108,149.94,PSE&G,227.09
2022,07109,169.61,PSE&G,195.89
2022,07110,188.45,PSE&G,195.80
2022,07111,145.02,PSE&G,203.04
2022,07112,150.32,PSE&G,227.09
2022,07114,134.30,PSE&G,187.16
2022,07201,147.18,PSE&G,144.94
2022,07202,143.10,PSE&G,144.94
2022,07203,177.27,PSE&G,220.95
2022,07204,178.82,PSE&G,178.73
2022,07205,197.25,PSE&G,178.73
2022,07206,159.39,PSE&G,144.94
2022,07208,137.29,PSE&G,144.96
2022,07302,110.77,PSE&G,131.68
2022,07304,137.22,PSE&G,175.25
2022,07305,154.00,PSE&G,182.75
2022,07306,127.78,PSE&G,145.22
2022,07307,144.80,PSE&G,131.68
2022,07310,98.03,PSE&G,131.68
2022,07311,93.38,PSE&G,131.68
2022,07401,209.00,Rockland Electric,205.77
2022,07403,195.80,PSE&G,178.44
2022,07405,164.38,JCP&L,152.16
2022,07407,180.78,PSE&G,203.05
2022,07410,209.18,PSE&G,203.05
2022,07416,141.32,JCP&L,182.40
2022,07417,254.65,PSE&G,205.77
2022,07418,182.38,JCP&L,182.40
2022,07419,145.68,JCP&L,182.40
2022,07420,193.61,PSE&G,178.44
2022,07421,222.85,PSE&G,178.51
2022,07422,220.95,PSE&G,182.40
2022,07423,240.38,PSE&G,268.60
2022,07424,177.75,PSE&G,200.02
2022,07430,189.80,Rockland Electric,205.77
2022,07432,202.08,PSE&G,205.77
2022,07435,228.85,PSE&G,167.97
2022,07436,226.88,Rockland Electric,205.72
2022,07438,217.41,PSE&G,155.00
2022,07439,169.65,JCP&L,182.40
2022,07440,171.15,JCP&L,152.16
2022,07442,194.84,PSE&G,178.44
2022,07444,130.17,JCP&L,152.16
2022,07446,219.16,Rockland Electric,205.77
2022,07450,222.30,PSE&G,268.52
2022,07452,232.91,PSE&G,268.60
2022,07456,231.66,PSE&G,178.44
2022,07457,115.68,JCP&L,152.16
2022,07458,261.12,Rockland Electric,268.60
2022,07460,174.40,JCP&L,181.06
2022,07461,158.18,JCP&L,182.40
2022,07462,137.82,JCP&L,182.40
2022,07463,217.70,PSE&G,205.77
2022,07465,192.00,PSE&G,178.44
2022,07470,206.17,PSE&G,184.35
2022,07480,204.83,PSE&G,178.44
2022,07481,234.00,PSE&G,205.77
2022,07501,141.11,PSE&G,210.36
2022,07502,179.59,PSE&G,210.36
2022,07503,156.24,PSE&G,210.36
2022,07504,169.87,PSE&G,210.36
2022,07505,111.53,PSE&G,210.36
2022,07506,191.66,PSE&G,200.02
2022,07508,186.33,PSE&G,200.03
2022,07512,206.82,PSE&G,200.02
2022,07513,165.15,PSE&G,210.36
2022,07514,149.04,PSE&G,210.36
2022,07522,153.71,PSE&G,210.36
2022,07524,152.75,PSE&G,210.36
2022,07601,131.42,PSE&G,225.47
2022,07603,197.56,PSE&G,225.47
2022,07604,193.24,PSE&G,180.62
2022,07605,191.82,PSE&G,162.07
2022,07606,186.38,PSE&G,180.62
2022,07607,200.39,PSE&G,214.99
2022,07608,164.23,PSE&G,180.62
2022,07620,259.99,PSE&G,257.35
2022,07621,200.11,PSE&G,214.99
2022,07624,227.43,PSE&G,257.35
2022,07626,212.98,PSE&G,257.35
2022,07627,244.23,PSE&G,257.35
2022,07628,199.75,PSE&G,214.99
2022,07630,223.26,PSE&G,268.60
2022,07631,163.21,PSE&G,257.35
2022,07632,237.18,PSE&G,257.35
2022,07640,227.76,PSE&G,257.35
2022,07641,243.15,PSE&G,257.35
2022,07642,224.00,PSE&G,268.60
2022,07643,158.69,PSE&G,180.62
2022,07644,162.09,PSE&G,203.05
2022,07645,214.24,PSE&G,257.35
2022,07646,196.06,PSE&G,214.99
2022,07647,213.48,PSE&G,257.35
2022,07648,208.85,PSE&G,257.35
2022,07649,230.93,PSE&G,268.60
2022,07650,156.73,PSE&G,162.07
2022,07652,223.50,PSE&G,214.99
2022,07656,211.25,PSE&G,257.35
2022,07657,177.76,PSE&G,162.07
2022,07660,165.83,PSE&G,225.47
2022,07661,206.70,PSE&G,214.99
2022,07662,201.24,PSE&G,214.99
2022,07663,195.19,PSE&G,203.05
2022,07666,205.57,PSE&G,225.47
2022,07670,221.30,PSE&G,257.35
2022,07675,211.63,PSE&G,262.09
2022,07676,227.11,PSE&G,268.60
2022,07677,249.27,PSE&G,268.60
2022,07701,141.56,JCP&L,177.79
2022,07702,172.77,JCP&L,182.49
2022,07704,183.55,JCP&L,182.49
2022,07711,175.82,JCP&L,176.03
2022,07712,123.33,JCP&L,175.05
2022,07716,146.91,JCP&L,182.49
2022,07717,149.92,JCP&L,165.10
2022,07718,174.07,JCP&L,182.49
2022,07719,150.62,JCP&L,165.10
2022,07720,125.44,JCP&L,165.10
2022,07721,127.40,JCP&L,161.83
2022,07722,200.68,JCP&L,179.60
2022,07723,174.68,JCP&L,176.03
2022,07724,138.66,JCP&L,176.28
2022,07726,162.43,JCP&L,179.12
2022,07727,162.96,JCP&L,177.80
2022,07728,153.88,JCP&L,179.22
2022,07730,168.29,JCP&L,162.86
2022,07731,170.41,JCP&L,179.60
2022,07732,122.63,JCP&L,182.49
2022,07733,180.37,JCP&L,162.86
2022,07734,143.10,JCP&L,177.99
2022,07735,153.36,JCP&L,160.52
2022,07737,169.62,JCP&L,182.49
2022,07738,172.76,JCP&L,162.86
2022,07739,181.73,JCP&L,182.49
2022,07740,120.88,JCP&L,176.03
2022,07746,182.24,JCP&L,179.63
2022,07747,144.10,JCP&L,155.89
2022,07748,168.16,JCP&L,176.85
2022,07750,131.42,JCP&L,182.49
2022,07751,174.89,JCP&L,179.63
2022,07753,137.67,JCP&L,165.10
2022,07755,175.36,JCP&L,176.03
2022,07756,146.23,JCP&L,165.10
2022,07757,169.89,JCP&L,176.03
2022,07758,163.49,JCP&L,182.49
2022,07760,169.63,JCP&L,182.49
2022,07762,148.66,JCP&L,165.10
2022,07764,159.89,JCP&L,176.03
2022,07801,137.57,JCP&L,153.69
2022,07803,159.57,JCP&L,178.22
2022,07821,176.21,JCP&L,184.78
2022,07822,179.93,JCP&L,182.40
2022,07823,147.19,JCP&L,211.76
2022,07825,175.81,JCP&L,211.25
2022,07826,167.94,JCP&L,182.40
2022,07827,157.17,JCP&L,182.40
2022,07828,133.80,JCP&L,178.22
2022,07830,185.15,JCP&L,187.33
2022,07832,172.88,JCP&L,211.76
2022,07833,185.32,JCP&L,211.76
2022,07834,163.69,JCP&L,150.95
2022,07836,155.66,JCP&L,178.22
2022,07838,178.62,JCP&L,211.76
2022,07840,146.88,JCP&L,204.99
2022,07843,165.91,JCP&L,182.40
2022,07844,163.88,JCP&L,211.76
2022,07846,204.20,JCP&L,211.76
2022,07847,169.85,JCP&L,178.22
2022,07848,165.59,JCP&L,182.40
2022,07849,170.12,JCP&L,152.38
2022,07850,167.82,JCP&L,178.22
2022,07851,174.72,JCP&L,182.40
2022,07852,140.11,JCP&L,178.22
2022,07853,187.81,JCP&L,178.22
2022,07856,126.75,JCP&L,178.22
2022,07857,144.64,JCP&L,178.22
2022,07860,159.01,JCP&L,182.96
2022,07863,165.24,JCP&L,211.76
2022,07865,170.24,JCP&L,200.88
2022,07866,152.37,JCP&L,152.16
2022,07869,167.68,JCP&L,177.77
2022,07871,177.50,JCP&L,182.40
2022,07874,167.90,JCP&L,182.51
2022,07876,179.47,JCP&L,178.22
2022,07878,174.40,JCP&L,134.70
2022,07880,177.91,JCP&L,211.76
2022,07882,158.65,JCP&L,211.36
2022,07885,136.64,JCP&L,153.59
2022,07901,205.92,PSE&G,162.75
2022,07920,207.49,PSE&G,195.01
2022,07921,170.42,PSE&G,195.31
2022,07922,227.21,PSE&G,162.75
2022,07924,236.83,PSE&G,195.31
2022,07927,144.44,JCP&L,180.52
2022,07928,167.31,JCP&L,180.52
2022,07930,200.32,JCP&L,178.22
2022,07931,257.17,PSE&G,191.61
2022,07932,143.58,JCP&L,180.52
2022,07933,179.83,JCP&L,180.52
2022,07934,235.52,PSE&G,195.31
2022,07935,199.54,JCP&L,180.52
2022,07936,175.30,JCP&L,134.70
2022,07940,157.49,JCP&L,180.52
2022,07945,199.06,JCP&L,178.22
2022,07946,183.41,JCP&L,180.52
2022,07950,148.59,JCP&L,155.02
2022,07960,140.98,JCP&L,180.40
2022,07970,190.17,JCP&L,178.22
2022,07974,209.52,PSE&G,162.75
2022,07976,185.79,JCP&L,180.52
2022,07977,237.97,PSE&G,195.31
2022,07980,168.30,JCP&L,180.52
2022,07981,162.68,JCP&L,180.52
2022,08001,221.49,Atlantic City Electric,224.86
2022,08002,184.37,PSE&G,211.78
2022,08003,222.37,PSE&G,211.76
2022,08004,218.26,PSE&G,182.25
2022,08005,165.88,JCP&L,174.64
2022,08006,174.10,JCP&L,174.64
2022,08007,175.70,PSE&G,180.37
2022,08008,170.44,JCP&L,174.64
2022,08009,207.03,PSE&G,182.25
2022,08010,177.05,Atlantic City Electric,213.14
2022,08012,195.63,PSE&G,192.45
2022,08014,222.57,Atlantic City Electric,210.88
2022,08015,203.90,Atlantic City Electric,219.22
2022,08016,187.96,Atlantic City Electric,213.20
2022,08019,215.21,Atlantic City Electric,219.22
2022,08020,219.36,Atlantic City Electric,210.88
2022,08021,164.54,PSE&G,181.12
2022,08022,226.84,Atlantic City Electric,219.22
2022,08023,225.39,Atlantic City Electric,224.86
2022,08026,224.87,PSE&G,211.78
2022,08027,210.77,Atlantic City Electric,210.88
2022,08028,181.19,Atlantic City Electric,210.78
2022,08029,201.98,PSE&G,182.25
2022,08030,188.34,PSE&G,205.33
2022,08031,189.48,PSE&G,182.25
2022,08032,264.76,PSE&G,205.62
2022,08033,210.96,PSE&G,202.66
2022,08034,201.58,PSE&G,211.78
2022,08035,214.14,PSE&G,180.30
2022,08036,220.71,Atlantic City Electric,219.22
2022,08037,200.60,Atlantic City Electric,216.08
2022,08038,208.21,Atlantic City Electric,224.86
2022,08041,237.15,Atlantic City Electric,219.22
2022,08042,212.89,Atlantic City Electric,219.22
2022,08043,183.58,PSE&G,211.78
2022,08045,204.69,PSE&G,180.30
2022,08046,213.97,Atlantic City Electric,213.14
2022,08048,195.56,Atlantic City Electric,219.22
2022,08049,197.76,PSE&G,180.62
2022,08050,164.78,JCP&L,174.64
2022,08051,187.14,Atlantic City Electric,209.57
2022,08052,155.34,Atlantic City Electric,209.32
2022,08053,189.42,Atlantic City Electric,209.32
2022,08054,187.32,Atlantic City Electric,209.32
2022,08055,220.43,Atlantic City Electric,209.33
2022,08056,233.04,Atlantic City Electric,210.88
2022,08057,217.26,Atlantic City Electric,209.38
2022,08059,204.03,PSE&G,182.42
2022,08060,190.29,Atlantic City Electric,219.22
2022,08061,214.10,Atlantic City Electric,210.88
2022,08062,231.70,Atlantic City Electric,210.88
2022,08063,205.58,Atlantic City Electric,205.62
2022,08065,185.00,Atlantic City Electric,213.14
2022,08066,182.51,Atlantic City Electric,205.63
2022,08067,218.45,Atlantic City Electric,224.86
2022,08068,186.30,Atlantic City Electric,219.22
2022,08069,182.49,Atlantic City Electric,224.86
2022,08070,193.39,Atlantic City Electric,224.86
2022,08071,197.10,Atlantic City Electric,210.88
2022,08072,216.80,Atlantic City Electric,224.86
2022,08075,189.13,Atlantic City Electric,213.14
2022,08077,210.56,Atlantic City Electric,213.13
2022,08078,198.06,PSE&G,182.25
2022,08079,187.40,Atlantic City Electric,224.86
2022,08080,210.71,Atlantic City Electric,206.53
2022,08081,213.12,PSE&G,183.13
2022,08083,209.06,PSE&G,180.95
2022,08084,198.45,PSE&G,180.30
2022,08085,210.97,Atlantic City Electric,210.97
2022,08086,173.58,Atlantic City Electric,205.62
2022,08087,163.84,JCP&L,175.94
2022,08088,225.69,Atlantic City Electric,219.22
2022,08089,223.83,PSE&G,182.25
2022,08090,222.71,Atlantic City Electric,205.62
2022,08091,200.47,PSE&G,182.25
2022,08092,172.80,JCP&L,174.64
2022,08093,177.50,Atlantic City Electric,205.62
2022,08094,203.16,Atlantic City Electric,211.91
2022,08096,191.67,Atlantic City Electric,205.62
2022,08097,225.40,Atlantic City Electric,205.62
2022,08098,207.28,Atlantic City Electric,224.83
2022,08102,137.10,PSE&G,209.50
2022,08103,174.95,PSE&G,209.50
2022,08104,164.30,PSE&G,209.46
2022,08105,175.30,PSE&G,209.50
2022,08106,201.98,PSE&G,180.30
2022,08107,174.99,PSE&G,185.56
2022,08108,183.74,PSE&G,180.30
2022,08109,196.25,PSE&G,209.50
2022,08110,201.12,PSE&G,209.50
2022,08201,180.29,Atlantic City Electric,184.03
2022,08202,210.08,Atlantic City Electric,167.91
2022,08203,176.51,Atlantic City Electric,184.03
2022,08204,197.01,Atlantic City Electric,167.91
2022,08205,189.55,Atlantic City Electric,184.03
2022,08210,202.65,Atlantic City Electric,167.91
2022,08212,209.97,Atlantic City Electric,167.91
2022,08215,199.67,Atlantic City Electric,192.64
2022,08221,217.34,Atlantic City Electric,193.27
2022,08223,208.58,Atlantic City Electric,167.91
2022,08224,225.79,Atlantic City Electric,219.22
2022,08225,210.10,Atlantic City Electric,184.03
2022,08226,172.68,Atlantic City Electric,167.91
2022,08230,208.27,Atlantic City Electric,167.91
2022,08232,177.23,Atlantic City Electric,190.54
2022,08234,201.15,Atlantic City Electric,224.87
2022,08241,216.62,Atlantic City Electric,184.03
2022,08242,189.50,Atlantic City Electric,167.91
2022,08243,181.07,Atlantic City Electric,167.91
2022,08244,164.54,Atlantic City Electric,168.00
2022,08246,192.46,Atlantic City Electric,167.91
2022,08247,205.42,Atlantic City Electric,167.91
2022,08248,203.67,Atlantic City Electric,167.91
2022,08251,202.45,Atlantic City Electric,167.91
2022,08260,168.14,Atlantic City Electric,167.91
2022,08270,204.80,Atlantic City Electric,171.36
2022,08302,189.16,Atlantic City Electric,217.62
2022,08310,173.42,Atlantic City Electric,224.87
2022,08311,212.67,Atlantic City Electric,180.04
2022,08312,193.47,Atlantic City Electric,210.88
2022,08314,220.62,Atlantic City Electric,180.04
2022,08316,195.69,Atlantic City Electric,180.04
2022,08317,219.49,Atlantic City Electric,224.87
2022,08318,212.03,Atlantic City Electric,224.86
2022,08319,205.18,Atlantic City Electric,224.87
2022,08321,190.86,Atlantic City Electric,180.04
2022,08322,215.22,Atlantic City Electric,210.88
2022,08323,215.41,Atlantic City Electric,224.86
2022,08324,191.44,Atlantic City Electric,180.04
2022,08326,202.31,Atlantic City Electric,224.87
2022,08327,207.30,Atlantic City Electric,180.04
2022,08328,213.63,Atlantic City Electric,210.88
2022,08329,227.94,Atlantic City Electric,180.04
2022,08330,184.68,Atlantic City Electric,224.43
2022,08332,188.42,Atlantic City Electric,181.21
2022,08340,213.73,Atlantic City Electric,209.94
2022,08341,171.97,Atlantic City Electric,224.87
2022,08343,220.89,Atlantic City Electric,215.69
2022,08344,209.54,Atlantic City Electric,206.65
2022,08345,206.44,Atlantic City Electric,180.04
2022,08346,212.89,Atlantic City Electric,224.87
2022,08348,205.36,Atlantic City Electric,180.04
2022,08349,217.90,Atlantic City Electric,180.04
2022,08350,212.89,Atlantic City Electric,224.87
2022,08352,212.89,Atlantic City Electric,224.86
2022,08353,210.02,Atlantic City Electric,224.86
2022,08360,184.69,Atlantic City Electric,183.40
2022,08361,200.57,Atlantic City Electric,180.04
2022,08401,134.76,Atlantic City Electric,184.03
2022,08402,184.68,Atlantic City Electric,184.03
2022,08403,198.74,Atlantic City Electric,184.03
2022,08406,176.17,Atlantic City Electric,184.03
2022,08501,176.30,JCP&L,183.23
2022,08502,225.46,PSE&G,215.04
2022,08505,185.88,Atlantic City Electric,213.50
2022,08510,203.55,JCP&L,179.14
2022,08511,182.18,Atlantic City Electric,219.22
2022,08512,169.42,PSE&G,216.72
2022,08514,182.20,JCP&L,174.90
2022,08515,216.89,Atlantic City Electric,219.19
2022,08518,191.38,Atlantic City Electric,213.14
2022,08520,177.21,PSE&G,207.37
2022,08525,224.81,PSE&G,202.81
2022,08527,162.90,JCP&L,169.12
2022,08528,212.03,PSE&G,221.41
2022,08530,152.55,JCP&L,190.86
2022,08533,168.13,JCP&L,169.12
2022,08534,221.63,PSE&G,204.89
2022,08535,190.17,JCP&L,179.14
2022,08536,148.36,PSE&G,229.43
2022,08540,184.57,PSE&G,209.82
2022,08542,157.41,PSE&G,204.89
2022,08550,216.47,PSE&G,204.89
2022,08551,185.01,JCP&L,189.23
2022,08553,216.75,PSE&G,215.04
2022,08554,184.64,Atlantic City Electric,213.14
2022,08555,165.70,JCP&L,179.14
2022,08558,224.91,PSE&G,214.95
2022,08559,176.02,JCP&L,189.23
2022,08560,239.71,PSE&G,208.83
2022,08561,202.39,PSE&G,207.37
2022,08562,179.59,Atlantic City Electric,219.22
2022,08608,113.80,PSE&G,249.81
2022,08609,159.72,PSE&G,237.30
2022,08610,148.64,JCP&L,212.78
2022,08611,127.36,JCP&L,248.82
2022,08618,166.05,PSE&G,249.81
2022,08619,192.12,PSE&G,207.37
2022,08620,207.72,PSE&G,210.19
2022,08628,177.09,PSE&G,249.81
2022,08629,186.72,PSE&G,231.87
2022,08638,181.28,PSE&G,249.81
2022,08640,171.04,Atlantic City Electric,219.22
2022,08641,184.04,Atlantic City Electric,219.22
2022,08648,183.73,PSE&G,205.02
2022,08690,208.33,PSE&G,207.37
2022,08691,184.15,PSE&G,207.02
2022,08701,138.27,JCP&L,168.81
2022,08720,172.65,JCP&L,165.10
2022,08721,163.73,JCP&L,156.46
2022,08722,172.03,JCP&L,156.46
2022,08723,157.63,JCP&L,146.44
2022,08724,158.35,JCP&L,146.52
2022,08730,174.32,JCP&L,165.10
2022,08731,168.53,JCP&L,174.64
2022,08732,170.28,JCP&L,156.46
2022,08733,147.86,JCP&L,169.12
2022,08734,172.71,JCP&L,174.64
2022,08735,161.69,JCP&L,156.46
2022,08736,168.32,JCP&L,165.10
2022,08738,177.62,JCP&L,146.44
2022,08740,165.62,JCP&L,156.46
2022,08741,172.31,JCP&L,156.46
2022,08742,160.68,JCP&L,146.44
2022,08750,179.32,JCP&L,165.10
2022,08751,137.10,JCP&L,156.46
2022,08752,147.21,JCP&L,156.46
2022,08753,162.19,JCP&L,155.60
2022,08755,151.85,JCP&L,156.46
2022,08757,158.10,JCP&L,160.54
2022,08758,166.13,JCP&L,174.64
2022,08759,139.89,JCP&L,169.14
2022,08801,162.25,JCP&L,189.23
2022,08802,183.90,JCP&L,196.05
2022,08804,174.39,JCP&L,196.45
2022,08805,174.48,PSE&G,193.65
2022,08807,208.54,PSE&G,193.92
2022,08809,145.85,JCP&L,189.23
2022,08810,195.36,PSE&G,229.43
2022,08812,198.43,PSE&G,198.97
2022,08816,201.70,PSE&G,189.27
2022,08817,171.43,PSE&G,160.85
2022,08820,197.48,PSE&G,182.87
2022,08821,224.11,PSE&G,195.31
2022,08822,160.34,JCP&L,189.23
2022,08823,159.87,PSE&G,215.04
2022,08824,226.65,PSE&G,229.43
2022,08825,165.60,JCP&L,189.23
2022,08826,164.92,JCP&L,189.23
2022,08827,172.09,JCP&L,190.96
2022,08828,158.76,PSE&G,142.76
2022,08829,159.75,JCP&L,189.23
2022,08830,186.00,PSE&G,144.73
2022,08831,203.05,PSE&G,143.47
2022,08832,146.33,PSE&G,160.64
2022,08833,176.30,JCP&L,189.23
2022,08835,196.50,PSE&G,193.65
2022,08836,262.02,PSE&G,194.85
2022,08837,157.33,PSE&G,160.63
2022,08840,202.37,PSE&G,158.16
2022,08844,205.70,PSE&G,204.91
2022,08846,197.72,PSE&G,204.33
2022,08848,174.77,JCP&L,189.23
2022,08850,219.12,PSE&G,176.47
2022,08852,171.74,PSE&G,229.43
2022,08853,215.38,PSE&G,194.54
2022,08854,184.98,PSE&G,198.69
2022,08857,188.83,PSE&G,142.79
2022,08859,175.17,PSE&G,149.58
2022,08861,161.49,PSE&G,152.25
2022,08863,197.61,PSE&G,153.44
2022,08865,152.28,JCP&L,211.76
2022,08867,184.00,JCP&L,189.23
2022,08869,178.16,PSE&G,193.65
2022,08872,182.22,PSE&G,151.83
2022,08873,181.46,PSE&G,215.04
2022,08876,184.72,PSE&G,194.30
2022,08879,183.86,PSE&G,148.20
2022,08880,188.28,PSE&G,193.70
2022,08882,204.19,PSE&G,167.74
2022,08884,196.58,PSE&G,142.76
2022,08886,172.13,JCP&L,211.76
2022,08887,131.97,JCP&L,189.23
2022,08889,168.75,JCP&L,189.23
2022,08901,145.67,PSE&G,167.74
2022,08902,172.67,PSE&G,207.88
2022,08904,158.11,PSE&G,167.74
2023,07001,159.86,PSE&G,172.04
2023,07002,149.41,PSE&G,175.63
2023,07003,169.26,PSE&G,202.96
2023,07004,217.42,PSE&G,225.29
2023,07005,156.09,JCP&L,148.80
2023,07006,203.53,PSE&G,225.29
2023,07008,182.59,PSE&G,172.04
2023,07009,207.07,PSE&G,225.29
2023,07010,145.67,PSE&G,157.93
2023,07011,170.01,PSE&G,186.25
2023,07012,180.25,PSE&G,186.25
2023,07013,194.64,PSE&G,210.61
2023,07014,178.58,PSE&G,186.25
2023,07016,209.01,PSE&G,163.72
2023,07017,140.15,PSE&G,187.49
2023,07018,136.59,PSE&G,187.49
2023,07020,119.46,PSE&G,157.93
2023,07021,262.24,PSE&G,225.29
2023,07022,155.42,PSE&G,157.93
2023,07023,224.54,PSE&G,193.94
2023,07024,125.47,PSE&G,157.93
2023,07026,167.90,PSE&G,197.10
2023,07027,179.98,PSE&G,163.72
2023,07028,226.07,PSE&G,224.87
2023,07029,130.42,PSE&G,175.63
2023,07030,114.05,PSE&G,143.10
2023,07031,171.85,PSE&G,207.63
2023,07032,166.35,PSE&G,175.63
2023,07033,210.67,PSE&G,174.37
2023,07034,126.04,JCP&L,148.88
2023,07035,135.74,JCP&L,148.86
2023,07036,181.64,PSE&G,152.91
2023,07039,224.88,PSE&G,233.22
2023,07040,201.03,PSE&G,238.45
2023,07041,198.19,PSE&G,233.22
2023,07042,170.68,PSE&G,225.29
2023,07043,232.72,PSE&G,225.29
2023,07044,191.87,PSE&G,225.29
2023,07045,158.66,JCP&L,148.88
2023,07046,194.48,JCP&L,148.86
2023,07047,141.92,PSE&G,165.28
2023,07050,139.84,PSE&G,187.49
2023,07052,192.77,PSE&G,233.19
2023,07054,122.98,JCP&L,148.88
2023,07055,142.17,PSE&G,186.25
2023,07057,157.04,PSE&G,207.63
2023,07058,151.06,JCP&L,148.88
2023,07059,236.49,PSE&G,179.60
2023,07060,162.61,PSE&G,204.46
2023,07062,193.65,PSE&G,196.37
2023,07063,194.25,PSE&G,200.51
2023,07064,227.18,PSE&G,172.04
2023,07065,167.54,PSE&G,152.91
2023,07066,208.67,PSE&G,152.94
2023,07067,223.20,PSE&G,172.04
2023,07068,208.72,PSE&G,233.22
2023,07069,222.00,PSE&G,219.68
2023,07070,187.38,PSE&G,207.63
2023,07071,175.99,PSE&G,207.63
2023,07072,190.70,PSE&G,207.63
2023,07073,151.06,PSE&G,207.63
2023,07074,188.25,PSE&G,207.63
2023,07075,181.79,PSE&G,207.63
2023,07076,215.12,PSE&G,193.94
2023,07077,203.22,PSE&G,172.04
2023,07078,258.08,PSE&G,233.22
2023,07079,191.52,PSE&G,238.09
2023,07080,211.42,PSE&G,196.43
2023,07081,188.16,PSE&G,163.72
2023,07082,171.34,JCP&L,148.88
2023,07083,197.98,PSE&G,174.37
2023,07086,128.67,PSE&G,143.11
2023,07087,129.09,PSE&G,143.11
2023,07088,186.72,PSE&G,174.37
2023,07090,225.29,PSE&G,193.94
2023,07092,242.19,PSE&G,163.93
2023,07093,123.97,PSE&G,165.28
2023,07094,148.72,PSE&G,165.28
2023,07095,163.08,PSE&G,171.32
2023,07102,106.19,PSE&G,183.67
2023,07103,152.92,PSE&G,201.04
2023,07104,141.10,PSE&G,177.19
2023,07105,144.21,PSE&G,177.19
2023,07106,153.91,PSE&G,201.15
2023,07107,153.37,PSE&G,182.71
2023,07108,150.50,PSE&G,201.15
2023,07109,170.25,PSE&G,202.96
2023,07110,189.16,PSE&G,202.92
2023,07111,145.57,PSE&G,238.45
2023,07112,150.89,PSE&G,201.15
2023,07114,134.81,PSE&G,189.05
2023,07201,147.73,PSE&G,124.73
2023,07202,143.64,PSE&G,124.73
2023,07203,177.95,PSE&G,152.92
2023,07204,179.50,PSE&G,174.37
2023,07205,198.00,PSE&G,174.37
2023,07206,160.00,PSE&G,124.73
2023,07208,137.81,PSE&G,124.76
2023,07302,111.20,PSE&G,129.03
2023,07304,137.74,PSE&G,167.54
2023,07305,154.59,PSE&G,174.76
2023,07306,128.27,PSE&G,140.41
2023,07307,145.35,PSE&G,129.03
2023,07310,98.40,PSE&G,129.03
2023,07311,93.74,PSE&G,129.03
2023,07401,203.83,Rockland Electric,231.44
2023,07403,196.55,PSE&G,188.66
2023,07405,159.08,JCP&L,146.99
2023,07407,181.46,PSE&G,197.10
2023,07410,209.97,PSE&G,197.10
2023,07416,136.76,JCP&L,177.74
2023,07417,255.61,PSE&G,231.44
2023,07418,176.50,JCP&L,177.74
2023,07419,140.98,JCP&L,177.74
2023,07420,194.35,PSE&G,188.66
2023,07421,223.70,PSE&G,188.48
2023,07422,221.79,PSE&G,177.74
2023,07423,241.29,PSE&G,320.36
2023,07424,178.42,PSE&G,225.15
2023,07430,185.10,Rockland Electric,231.44
2023,07432,202.85,PSE&G,231.44
2023,07435,229.72,PSE&G,171.64
2023,07436,221.26,Rockland Electric,231.37
2023,07438,218.24,PSE&G,151.33
2023,07439,164.17,JCP&L,177.74
2023,07440,165.63,JCP&L,146.99
2023,07442,195.58,PSE&G,188.66
2023,07444,125.97,JCP&L,146.99
2023,07446,213.74,Rockland Electric,231.44
2023,07450,223.14,PSE&G,320.24
2023,07452,233.80,PSE&G,320.36
2023,07456,232.54,PSE&G,188.66
2023,07457,111.95,JCP&L,146.99
2023,07458,254.65,Rockland Electric,320.36
2023,07460,168.78,JCP&L,176.76
2023,07461,153.08,JCP&L,177.74
2023,07462,133.37,JCP&L,177.74
2023,07463,218.52,PSE&G,231.44
2023,07465,192.73,PSE&G,188.66
2023,07470,206.95,PSE&G,199.05
2023,07480,205.60,PSE&G,188.66
2023,07481,234.89,PSE&G,231.44
2023,07501,141.65,PSE&G,241.89
2023,07502,180.27,PSE&G,241.89
2023,07503,156.84,PSE&G,241.89
2023,07504,170.51,PSE&G,241.89
2023,07505,111.95,PSE&G,241.89
2023,07506,192.38,PSE&G,225.15
2023,07508,187.03,PSE&G,225.17
2023,07512,207.60,PSE&G,225.15
2023,07513,165.78,PSE&G,241.89
2023,07514,149.61,PSE&G,241.89
2023,07522,154.29,PSE&G,241.89
2023,07524,153.33,PSE&G,241.89
2023,07601,131.92,PSE&G,211.80
2023,07603,198.31,PSE&G,211.80
2023,07604,193.98,PSE&G,207.63
2023,07605,192.55,PSE&G,157.93
2023,07606,187.09,PSE&G,207.63
2023,07607,201.15,PSE&G,235.66
2023,07608,164.86,PSE&G,207.63
2023,07620,260.98,PSE&G,304.31
2023,07621,200.87,PSE&G,235.66
2023,07624,228.29,PSE&G,304.31
2023,07626,213.78,PSE&G,304.31
2023,07627,245.16,PSE&G,304.31
2023,07628,200.51,PSE&G,235.66
2023,07630,224.11,PSE&G,320.36
2023,07631,163.83,PSE&G,304.31
2023,07632,238.08,PSE&G,304.31
2023,07640,228.62,PSE&G,304.31
2023,07641,244.07,PSE&G,304.31
2023,07642,224.86,PSE&G,320.36
2023,07643,159.30,PSE&G,207.63
2023,07644,162.71,PSE&G,197.10
2023,07645,215.05,PSE&G,304.31
2023,07646,196.80,PSE&G,235.66
2023,07647,214.30,PSE&G,304.31
2023,07648,209.64,PSE&G,304.31
2023,07649,231.80,PSE&G,320.36
2023,07650,157.33,PSE&G,157.93
2023,07652,224.35,PSE&G,235.66
2023,07656,212.05,PSE&G,304.31
2023,07657,178.44,PSE&G,157.93
2023,07660,166.46,PSE&G,211.80
2023,07661,207.49,PSE&G,235.66
2023,07662,202.01,PSE&G,235.66
2023,07663,195.94,PSE&G,197.10
2023,07666,206.35,PSE&G,211.80
2023,07670,222.14,PSE&G,304.31
2023,07675,212.44,PSE&G,310.71
2023,07676,227.97,PSE&G,320.36
2023,07677,250.21,PSE&G,320.36
2023,07701,136.99,JCP&L,173.81
2023,07702,167.19,JCP&L,174.52
2023,07704,177.63,JCP&L,174.52
2023,07711,170.15,JCP&L,124.61
2023,07712,119.35,JCP&L,127.83
2023,07716,142.17,JCP&L,174.52
2023,07717,145.08,JCP&L,156.08
2023,07718,168.46,JCP&L,174.52
2023,07719,145.76,JCP&L,156.08
2023,07720,121.39,JCP&L,156.08
2023,07721,123.29,JCP&L,172.77
2023,07722,194.21,JCP&L,161.90
2023,07723,169.05,JCP&L,124.61
2023,07724,134.19,JCP&L,127.00
2023,07726,157.19,JCP&L,207.66
2023,07727,157.70,JCP&L,161.09
2023,07728,148.91,JCP&L,202.22
2023,07730,162.86,JCP&L,173.61
2023,07731,164.91,JCP&L,161.90
2023,07732,118.67,JCP&L,174.52
2023,07733,174.55,JCP&L,173.61
2023,07734,138.48,JCP&L,174.30
2023,07735,148.41,JCP&L,171.70
2023,07737,164.15,JCP&L,174.52
2023,07738,167.19,JCP&L,173.61
2023,07739,175.87,JCP&L,174.52
2023,07740,116.98,JCP&L,124.61
2023,07746,176.36,JCP&L,161.91
2023,07747,139.45,JCP&L,167.82
2023,07748,162.74,JCP&L,174.24
2023,07750,127.19,JCP&L,174.52
2023,07751,169.25,JCP&L,161.91
2023,07753,133.23,JCP&L,156.08
2023,07755,169.71,JCP&L,124.61
2023,07756,141.51,JCP&L,156.08
2023,07757,164.41,JCP&L,124.61
2023,07758,158.22,JCP&L,174.52
2023,07760,164.16,JCP&L,174.52
2023,07762,143.86,JCP&L,156.08
2023,07764,154.73,JCP&L,124.61
2023,07801,133.13,JCP&L,148.47
2023,07803,154.42,JCP&L,172.23
2023,07821,170.52,JCP&L,174.52
2023,07822,174.13,JCP&L,177.74
2023,07823,142.44,JCP&L,137.38
2023,07825,170.14,JCP&L,138.08
2023,07826,162.52,JCP&L,177.74
2023,07827,152.10,JCP&L,177.74
2023,07828,129.49,JCP&L,172.23
2023,07830,179.18,JCP&L,172.11
2023,07832,167.30,JCP&L,137.38
2023,07833,179.34,JCP&L,137.38
2023,07834,158.41,JCP&L,147.13
2023,07836,150.64,JCP&L,172.23
2023,07838,172.86,JCP&L,137.38
2023,07840,142.14,JCP&L,144.40
2023,07843,160.56,JCP&L,177.74
2023,07844,158.60,JCP&L,137.38
2023,07846,197.61,JCP&L,137.38
2023,07847,164.37,JCP&L,172.23
2023,07848,160.25,JCP&L,177.74
2023,07849,164.63,JCP&L,147.22
2023,07850,162.41,JCP&L,172.23
2023,07851,169.09,JCP&L,177.74
2023,07852,135.59,JCP&L,172.23
2023,07853,181.75,JCP&L,172.23
2023,07856,122.67,JCP&L,172.23
2023,07857,139.98,JCP&L,172.23
2023,07860,153.88,JCP&L,176.99
2023,07863,159.91,JCP&L,137.38
2023,07865,164.75,JCP&L,150.65
2023,07866,147.45,JCP&L,146.99
2023,07869,162.27,JCP&L,171.98
2023,07871,171.78,JCP&L,177.74
2023,07874,162.48,JCP&L,177.59
2023,07876,173.68,JCP&L,172.23
2023,07878,168.78,JCP&L,148.88
2023,07880,172.17,JCP&L,137.38
2023,07882,153.53,JCP&L,138.01
2023,07885,132.23,JCP&L,148.38
2023,07901,206.70,PSE&G,163.72
2023,07920,208.28,PSE&G,178.86
2023,07921,171.07,PSE&G,179.08
2023,07922,228.08,PSE&G,163.72
2023,07924,237.72,PSE&G,179.08
2023,07927,139.78,JCP&L,168.09
2023,07928,161.92,JCP&L,168.09
2023,07930,193.86,JCP&L,172.23
2023,07931,258.15,PSE&G,177.66
2023,07932,138.95,JCP&L,168.09
2023,07933,174.03,JCP&L,168.09
2023,07934,236.41,PSE&G,179.08
2023,07935,193.10,JCP&L,168.09
2023,07936,169.64,JCP&L,148.88
2023,07940,152.41,JCP&L,168.09
2023,07945,192.64,JCP&L,172.23
2023,07946,177.50,JCP&L,168.09
2023,07950,143.80,JCP&L,157.42
2023,07960,136.43,JCP&L,168.19
2023,07970,184.04,JCP&L,172.23
2023,07974,210.32,PSE&G,163.72
2023,07976,179.80,JCP&L,168.09
2023,07977,238.87,PSE&G,179.08
2023,07980,162.87,JCP&L,168.09
2023,07981,157.43,JCP&L,168.09
2023,08001,224.10,Atlantic City Electric,309.65
2023,08002,185.07,PSE&G,219.86
2023,08003,223.21,PSE&G,219.85
2023,08004,219.09,PSE&G,194.62
2023,08005,160.53,JCP&L,176.12
2023,08006,168.48,JCP&L,176.12
2023,08007,176.37,PSE&G,196.95
2023,08008,164.94,JCP&L,176.12
2023,08009,207.81,PSE&G,194.62
2023,08010,179.14,Atlantic City Electric,224.27
2023,08012,196.38,PSE&G,191.58
2023,08014,225.19,Atlantic City Electric,229.92
2023,08015,206.31,Atlantic City Electric,208.02
2023,08016,190.18,Atlantic City Electric,224.12
2023,08019,217.75,Atlantic City Electric,208.02
2023,08020,221.95,Atlantic City Electric,229.92
2023,08021,165.16,PSE&G,195.97
2023,08022,229.51,Atlantic City Electric,208.02
2023,08023,228.05,Atlantic City Electric,309.65
2023,08026,225.72,PSE&G,219.86
2023,08027,213.26,Atlantic City Electric,229.92
2023,08028,183.32,Atlantic City Electric,229.11
2023,08029,202.74,PSE&G,194.62
2023,08030,189.06,PSE&G,214.60
2023,08031,190.20,PSE&G,194.62
2023,08032,265.77,PSE&G,187.81
2023,08033,211.76,PSE&G,213.28
2023,08034,202.34,PSE&G,219.86
2023,08035,214.95,PSE&G,197.05
2023,08036,223.31,Atlantic City Electric,208.02
2023,08037,202.97,Atlantic City Electric,186.13
2023,08038,210.67,Atlantic City Electric,309.65
2023,08041,239.95,Atlantic City Electric,208.02
2023,08042,215.40,Atlantic City Electric,208.02
2023,08043,184.28,PSE&G,219.86
2023,08045,205.47,PSE&G,197.05
2023,08046,216.49,Atlantic City Electric,224.27
2023,08048,197.86,Atlantic City Electric,208.02
2023,08049,198.51,PSE&G,196.62
2023,08050,159.47,JCP&L,176.12
2023,08051,189.35,Atlantic City Electric,219.02
2023,08052,157.17,Atlantic City Electric,201.62
2023,08053,191.65,Atlantic City Electric,201.60
2023,08054,189.53,Atlantic City Electric,201.60
2023,08055,223.03,Atlantic City Electric,201.61
2023,08056,235.79,Atlantic City Electric,229.92
2023,08057,219.82,Atlantic City Electric,201.96
2023,08059,204.80,PSE&G,194.76
2023,08060,192.54,Atlantic City Electric,208.02
2023,08061,216.62,Atlantic City Electric,229.92
2023,08062,234.43,Atlantic City Electric,229.92
2023,08063,208.00,Atlantic City Electric,187.81
2023,08065,187.18,Atlantic City Electric,224.27
2023,08066,184.66,Atlantic City Electric,187.89
2023,08067,221.03,Atlantic City Electric,309.65
2023,08068,188.49,Atlantic City Electric,208.02
2023,08069,184.64,Atlantic City Electric,309.65
2023,08070,195.67,Atlantic City Electric,309.65
2023,08071,199.42,Atlantic City Electric,229.92
2023,08072,219.35,Atlantic City Electric,309.65
2023,08075,191.36,Atlantic City Electric,224.27
2023,08077,213.04,Atlantic City Electric,224.21
2023,08078,198.81,PSE&G,194.62
2023,08079,189.61,Atlantic City Electric,309.65
2023,08080,213.20,Atlantic City Electric,194.75
2023,08081,213.93,PSE&G,194.35
2023,08083,209.86,PSE&G,196.19
2023,08084,199.20,PSE&G,197.05
2023,08085,213.46,Atlantic City Electric,230.43
2023,08086,175.62,Atlantic City Electric,187.81
2023,08087,158.55,JCP&L,176.98
2023,08088,228.35,Atlantic City Electric,208.02
2023,08089,224.68,PSE&G,194.62
2023,08090,225.34,Atlantic City Electric,187.81
2023,08091,201.23,PSE&G,194.62
2023,08092,167.22,JCP&L,176.12
2023,08093,179.60,Atlantic City Electric,187.81
2023,08094,205.55,Atlantic City Electric,226.34
2023,08096,193.93,Atlantic City Electric,187.81
2023,08097,228.05,Atlantic City Electric,187.81
2023,08098,209.72,Atlantic City Electric,309.51
2023,08102,137.62,PSE&G,218.12
2023,08103,175.61,PSE&G,218.12
2023,08104,164.92,PSE&G,218.10
2023,08105,175.96,PSE&G,218.12
2023,08106,202.75,PSE&G,197.05
2023,08107,175.65,PSE&G,201.27
2023,08108,184.44,PSE&G,197.05
2023,08109,196.99,PSE&G,218.12
2023,08110,201.89,PSE&G,218.12
2023,08201,182.42,Atlantic City Electric,190.57
2023,08202,212.56,Atlantic City Electric,207.78
2023,08203,178.59,Atlantic City Electric,190.57
2023,08204,199.34,Atlantic City Electric,207.78
2023,08205,191.78,Atlantic City Electric,190.57
2023,08210,205.04,Atlantic City Electric,207.78
2023,08212,212.45,Atlantic City Electric,207.78
2023,08215,202.02,Atlantic City Electric,190.23
2023,08221,219.90,Atlantic City Electric,189.01
2023,08223,211.04,Atlantic City Electric,207.78
2023,08224,228.45,Atlantic City Electric,208.02
2023,08225,212.58,Atlantic City Electric,190.57
2023,08226,174.72,Atlantic City Electric,207.78
2023,08230,210.73,Atlantic City Electric,207.78
2023,08232,179.32,Atlantic City Electric,189.47
2023,08234,203.52,Atlantic City Electric,183.98
2023,08241,219.17,Atlantic City Electric,190.57
2023,08242,191.73,Atlantic City Electric,207.78
2023,08243,183.20,Atlantic City Electric,207.78
2023,08244,166.48,Atlantic City Electric,207.68
2023,08246,194.73,Atlantic City Electric,207.78
2023,08247,207.84,Atlantic City Electric,207.78
2023,08248,206.07,Atlantic City Electric,207.78
2023,08251,204.84,Atlantic City Electric,207.78
2023,08260,170.13,Atlantic City Electric,207.78
2023,08270,207.21,Atlantic City Electric,206.22
2023,08302,191.39,Atlantic City Electric,290.67
2023,08310,175.46,Atlantic City Electric,183.98
2023,08311,215.17,Atlantic City Electric,190.66
2023,08312,195.75,Atlantic City Electric,229.92
2023,08314,223.22,Atlantic City Electric,190.66
2023,08316,197.99,Atlantic City Electric,190.66
2023,08317,222.07,Atlantic City Electric,183.98
2023,08318,214.53,Atlantic City Electric,309.65
2023,08319,207.60,Atlantic City Electric,183.98
2023,08321,193.11,Atlantic City Electric,190.66
2023,08322,217.76,Atlantic City Electric,229.92
2023,08323,217.95,Atlantic City Electric,309.65
2023,08324,193.70,Atlantic City Electric,190.66
2023,08326,204.70,Atlantic City Electric,183.98
2023,08327,209.75,Atlantic City Electric,190.66
2023,08328,216.15,Atlantic City Electric,229.92
2023,08329,230.63,Atlantic City Electric,190.66
2023,08330,186.85,Atlantic City Electric,184.05
2023,08332,190.64,Atlantic City Electric,193.80
2023,08340,216.25,Atlantic City Electric,186.11
2023,08341,173.99,Atlantic City Electric,183.98
2023,08343,223.49,Atlantic City Electric,257.27
2023,08344,212.01,Atlantic City Electric,228.93
2023,08345,208.87,Atlantic City Electric,190.66
2023,08346,215.40,Atlantic City Electric,183.98
2023,08348,207.78,Atlantic City Electric,190.66
2023,08349,220.47,Atlantic City Electric,190.66
2023,08350,215.40,Atlantic City Electric,183.98
2023,08352,215.40,Atlantic City Electric,309.65
2023,08353,212.50,Atlantic City Electric,309.65
2023,08360,186.86,Atlantic City Electric,191.42
2023,08361,202.94,Atlantic City Electric,190.66
2023,08401,136.35,Atlantic City Electric,190.57
2023,08402,186.85,Atlantic City Electric,190.57
2023,08403,201.08,Atlantic City Electric,190.57
2023,08406,178.25,Atlantic City Electric,190.57
2023,08501,170.62,JCP&L,206.59
2023,08502,226.32,PSE&G,208.65
2023,08505,188.07,Atlantic City Electric,223.43
2023,08510,196.98,JCP&L,209.48
2023,08511,184.33,Atlantic City Electric,208.02
2023,08512,170.07,PSE&G,193.63
2023,08514,176.32,JCP&L,193.35
2023,08515,219.45,Atlantic City Electric,208.12
2023,08518,193.64,Atlantic City Electric,224.27
2023,08520,177.88,PSE&G,171.18
2023,08525,225.67,PSE&G,213.41
2023,08527,157.64,JCP&L,171.15
2023,08528,212.84,PSE&G,215.63
2023,08530,147.63,JCP&L,176.89
2023,08533,162.71,JCP&L,171.15
2023,08534,222.48,PSE&G,220.33
2023,08535,184.04,JCP&L,209.48
2023,08536,148.93,PSE&G,224.96
2023,08540,185.27,PSE&G,218.98
2023,08542,158.01,PSE&G,220.33
2023,08550,217.29,PSE&G,220.33
2023,08551,179.04,JCP&L,172.08
2023,08553,217.57,PSE&G,208.65
2023,08554,186.82,Atlantic City Electric,224.27
2023,08555,160.35,JCP&L,209.48
2023,08558,225.77,PSE&G,208.75
2023,08559,170.34,JCP&L,172.08
2023,08560,240.62,PSE&G,223.16
2023,08561,203.16,PSE&G,171.18
2023,08562,181.71,Atlantic City Electric,208.02
2023,08608,114.23,PSE&G,254.72
2023,08609,160.33,PSE&G,229.95
2023,08610,143.84,JCP&L,182.31
2023,08611,123.25,JCP&L,252.75
2023,08618,166.68,PSE&G,254.72
2023,08619,192.84,PSE&G,171.18
2023,08620,208.51,PSE&G,182.97
2023,08628,177.77,PSE&G,254.72
2023,08629,187.43,PSE&G,219.22
2023,08638,181.97,PSE&G,254.72
2023,08640,173.06,Atlantic City Electric,208.02
2023,08641,186.21,Atlantic City Electric,208.02
2023,08648,184.43,PSE&G,220.43
2023,08690,209.12,PSE&G,171.18
2023,08691,184.85,PSE&G,171.64
2023,08701,133.81,JCP&L,171.47
2023,08720,167.08,JCP&L,156.08
2023,08721,158.44,JCP&L,160.52
2023,08722,166.48,JCP&L,160.52
2023,08723,152.55,JCP&L,156.89
2023,08724,153.24,JCP&L,156.88
2023,08730,168.69,JCP&L,156.08
2023,08731,163.10,JCP&L,176.12
2023,08732,164.78,JCP&L,160.52
2023,08733,143.09,JCP&L,171.15
2023,08734,167.14,JCP&L,176.12
2023,08735,156.47,JCP&L,160.52
2023,08736,162.89,JCP&L,156.08
2023,08738,171.89,JCP&L,156.89
2023,08740,160.27,JCP&L,160.52
2023,08741,166.75,JCP&L,160.52
2023,08742,155.49,JCP&L,156.89
2023,08750,173.54,JCP&L,156.08
2023,08751,132.67,JCP&L,160.52
2023,08752,142.46,JCP&L,160.52
2023,08753,156.96,JCP&L,160.22
2023,08755,146.95,JCP&L,160.52
2023,08757,153.00,JCP&L,163.76
2023,08758,160.77,JCP&L,176.12
2023,08759,135.37,JCP&L,171.15
2023,08801,157.01,JCP&L,172.08
2023,08802,177.97,JCP&L,161.75
2023,08804,168.76,JCP&L,161.14
2023,08805,175.14,PSE&G,219.97
2023,08807,209.33,PSE&G,212.84
2023,08809,141.15,JCP&L,172.08
2023,08810,196.10,PSE&G,224.96
2023,08812,199.19,PSE&G,207.68
2023,08816,202.46,PSE&G,208.67
2023,08817,172.09,PSE&G,162.08
2023,08820,198.23,PSE&G,179.46
2023,08821,224.97,PSE&G,179.08
2023,08822,155.17,JCP&L,172.08
2023,08823,160.47,PSE&G,208.65
2023,08824,227.51,PSE&G,224.96
2023,08825,160.26,JCP&L,172.08
2023,08826,159.60,JCP&L,172.08
2023,08827,166.54,JCP&L,169.47
2023,08828,159.37,PSE&G,156.06
2023,08829,154.60,JCP&L,172.08
2023,08830,186.71,PSE&G,172.04
2023,08831,203.83,PSE&G,156.62
2023,08832,146.89,PSE&G,161.91
2023,08833,170.61,JCP&L,172.08
2023,08835,197.24,PSE&G,219.97
2023,08836,263.02,PSE&G,189.57
2023,08837,157.93,PSE&G,161.92
2023,08840,203.13,PSE&G,163.45
2023,08844,206.48,PSE&G,193.47
2023,08846,198.47,PSE&G,196.43
2023,08848,169.13,JCP&L,172.08
2023,08850,219.95,PSE&G,203.61
2023,08852,172.40,PSE&G,224.96
2023,08853,216.20,PSE&G,178.22
2023,08854,185.69,PSE&G,197.00
2023,08857,189.55,PSE&G,156.04
2023,08859,175.84,PSE&G,152.60
2023,08861,162.10,PSE&G,152.01
2023,08863,198.36,PSE&G,166.42
2023,08865,147.36,JCP&L,137.38
2023,08867,178.06,JCP&L,172.08
2023,08869,178.84,PSE&G,219.97
2023,08872,182.91,PSE&G,151.51
2023,08873,182.14,PSE&G,208.65
2023,08876,185.42,PSE&G,200.49
2023,08879,184.56,PSE&G,153.28
2023,08880,188.99,PSE&G,219.94
2023,08882,204.97,PSE&G,200.21
2023,08884,197.33,PSE&G,156.06
2023,08886,166.58,JCP&L,137.38
2023,08887,127.72,JCP&L,172.08
2023,08889,163.31,JCP&L,172.08
2023,08901,146.22,PSE&G,200.21
2023,08902,173.32,PSE&G,216.13
2023,08904,158.71,PSE&G,200.21
2024,07001,182.60,PSE&G,163.82
2024,07002,170.66,PSE&G,173.33
2024,07003,193.34,PSE&G,185.09
2024,07004,248.35,PSE&G,281.20
2024,07005,182.91,JCP&L,169.60
2024,07006,232.47,PSE&G,281.20
2024,07008,208.56,PSE&G,163.82
2024,07009,236.52,PSE&G,281.08
2024,07010,166.39,PSE&G,168.09
2024,07011,194.19,PSE&G,185.97
2024,07012,205.89,PSE&G,185.97
2024,07013,222.32,PSE&G,214.18
2024,07014,203.99,PSE&G,185.97
2024,07016,238.74,PSE&G,176.03
2024,07017,160.09,PSE&G,168.98
2024,07018,156.02,PSE&G,168.98
2024,07020,136.45,PSE&G,168.09
2024,07021,299.54,PSE&G,281.20
2024,07022,177.53,PSE&G,168.09
2024,07023,256.48,PSE&G,218.87
2024,07024,143.32,PSE&G,168.09
2024,07026,191.79,PSE&G,196.83
2024,07027,205.58,PSE&G,176.03
2024,07028,258.23,PSE&G,279.40
2024,07029,148.97,PSE&G,173.33
2024,07030,130.27,PSE&G,133.65
2024,07031,196.29,PSE&G,178.51
2024,07032,190.01,PSE&G,173.33
2024,07033,240.63,PSE&G,189.08
2024,07034,147.70,JCP&L,170.50
2024,07035,159.06,JCP&L,170.27
2024,07036,207.48,PSE&G,179.39
2024,07039,256.87,PSE&G,248.94
2024,07040,229.62,PSE&G,287.75
2024,07041,226.38,PSE&G,248.94
2024,07042,194.96,PSE&G,281.20
2024,07043,265.82,PSE&G,278.51
2024,07044,219.17,PSE&G,281.20
2024,07045,185.92,JCP&L,170.50
2024,07046,227.90,JCP&L,170.31
2024,07047,162.11,PSE&G,212.04
2024,07050,159.73,PSE&G,168.98
2024,07052,220.19,PSE&G,248.91
2024,07054,144.11,JCP&L,170.50
2024,07055,162.39,PSE&G,185.97
2024,07057,179.38,PSE&G,178.51
2024,07058,177.01,JCP&L,170.50
2024,07059,270.12,PSE&G,217.60
2024,07060,185.74,PSE&G,215.58
2024,07062,221.20,PSE&G,218.10
2024,07063,221.88,PSE&G,216.78
2024,07064,259.50,PSE&G,163.82
2024,07065,191.37,PSE&G,179.39
2024,07066,238.36,PSE&G,179.42
2024,07067,254.95,PSE&G,163.82
2024,07068,238.41,PSE&G,248.94
2024,07069,253.58,PSE&G,211.12
2024,07070,214.03,PSE&G,178.51
2024,07071,201.02,PSE&G,178.51
2024,07072,217.82,PSE&G,178.51
2024,07073,172.55,PSE&G,178.51
2024,07074,215.03,PSE&G,178.51
2024,07075,207.65,PSE&G,178.51
2024,07076,245.72,PSE&G,218.87
2024,07077,232.12,PSE&G,163.82
2024,07078,294.80,PSE&G,248.94
2024,07079,218.77,PSE&G,287.01
2024,07080,241.49,PSE&G,205.17
2024,07081,214.92,PSE&G,176.03
2024,07082,200.78,JCP&L,170.50
2024,07083,226.14,PSE&G,189.08
2024,07086,146.97,PSE&G,133.65
2024,07087,147.46,PSE&G,133.65
2024,07088,213.28,PSE&G,189.08
2024,07090,257.33,PSE&G,218.87
2024,07092,276.63,PSE&G,176.33
2024,07093,141.60,PSE&G,212.04
2024,07094,169.88,PSE&G,212.04
2024,07095,186.28,PSE&G,163.85
2024,07102,121.30,PSE&G,178.34
2024,07103,174.67,PSE&G,230.07
2024,07104,161.17,PSE&G,157.19
2024,07105,164.72,PSE&G,157.19
2024,07106,175.80,PSE&G,230.38
2024,07107,175.19,PSE&G,174.87
2024,07108,171.91,PSE&G,230.38
2024,07109,194.47,PSE&G,185.09
2024,07110,216.07,PSE&G,185.09
2024,07111,166.28,PSE&G,287.75
2024,07112,172.36,PSE&G,230.38
2024,07114,153.99,PSE&G,195.07
2024,07201,168.75,PSE&G,138.76
2024,07202,164.08,PSE&G,138.76
2024,07203,203.26,PSE&G,179.39
2024,07204,205.03,PSE&G,189.08
2024,07205,226.17,PSE&G,189.08
2024,07206,182.75,PSE&G,138.76
2024,07208,157.41,PSE&G,138.79
2024,07302,127.01,PSE&G,134.04
2024,07304,157.34,PSE&G,167.64
2024,07305,176.58,PSE&G,173.57
2024,07306,146.51,PSE&G,144.32
2024,07307,166.02,PSE&G,134.04
2024,07310,112.40,PSE&G,134.04
2024,07311,107.07,PSE&G,134.04
2024,07401,247.20,Rockland Electric,213.61
2024,07403,224.51,PSE&G,181.87
2024,07405,186.42,JCP&L,149.62
2024,07407,207.27,PSE&G,196.83
2024,07410,239.84,PSE&G,196.83
2024,07416,160.26,JCP&L,175.88
2024,07417,291.97,PSE&G,213.61
2024,07418,206.83,JCP&L,175.88
2024,07419,165.20,JCP&L,175.88
2024,07420,221.99,PSE&G,181.87
2024,07421,255.52,PSE&G,181.78
2024,07422,253.34,PSE&G,175.88
2024,07423,275.62,PSE&G,326.21
2024,07424,203.80,PSE&G,231.91
2024,07430,224.48,Rockland Electric,213.61
2024,07432,231.70,PSE&G,213.61
2024,07435,262.40,PSE&G,169.02
2024,07436,268.34,Rockland Electric,213.56
2024,07438,249.28,PSE&G,153.11
2024,07439,192.38,JCP&L,175.88
2024,07440,194.09,JCP&L,149.62
2024,07442,223.41,PSE&G,181.87
2024,07444,147.61,JCP&L,149.62
2024,07446,259.22,Rockland Electric,213.61
2024,07450,254.88,PSE&G,326.06
2024,07452,267.05,PSE&G,326.21
2024,07456,265.62,PSE&G,181.87
2024,07457,131.19,JCP&L,149.62
2024,07458,308.84,Rockland Electric,326.21
2024,07460,197.78,JCP&L,174.94
2024,07461,179.38,JCP&L,175.88
2024,07462,156.29,JCP&L,175.88
2024,07463,249.61,PSE&G,213.61
2024,07465,220.15,PSE&G,181.87
2024,07470,236.39,PSE&G,195.61
2024,07480,234.85,PSE&G,181.87
2024,07481,268.31,PSE&G,213.61
2024,07501,161.80,PSE&G,229.23
2024,07502,205.92,PSE&G,229.23
2024,07503,179.15,PSE&G,229.23
2024,07504,194.77,PSE&G,229.23
2024,07505,127.87,PSE&G,229.23
2024,07506,219.75,PSE&G,231.91
2024,07508,213.64,PSE&G,231.91
2024,07512,237.14,PSE&G,231.91
2024,07513,189.36,PSE&G,229.23
2024,07514,170.89,PSE&G,229.23
2024,07522,176.24,PSE&G,229.23
2024,07524,175.14,PSE&G,229.23
2024,07601,150.69,PSE&G,185.48
2024,07603,226.52,PSE&G,185.48
2024,07604,221.57,PSE&G,178.51
2024,07605,219.94,PSE&G,168.09
2024,07606,213.70,PSE&G,178.51
2024,07607,229.76,PSE&G,227.03
2024,07608,188.31,PSE&G,178.51
2024,07620,298.10,PSE&G,229.04
2024,07621,229.44,PSE&G,227.03
2024,07624,260.77,PSE&G,229.04
2024,07626,244.19,PSE&G,229.04
2024,07627,280.03,PSE&G,229.04
2024,07628,229.03,PSE&G,227.03
2024,07630,255.99,PSE&G,326.21
2024,07631,187.14,PSE&G,229.04
2024,07632,271.95,PSE&G,229.04
2024,07640,261.15,PSE&G,229.04
2024,07641,278.79,PSE&G,229.04
2024,07642,256.84,PSE&G,326.21
2024,07643,181.95,PSE&G,178.51
2024,07644,185.85,PSE&G,196.83
2024,07645,245.64,PSE&G,229.04
2024,07646,224.80,PSE&G,227.03
2024,07647,244.78,PSE&G,229.04
2024,07648,239.47,PSE&G,229.04
2024,07649,264.78,PSE&G,326.21
2024,07650,179.71,PSE&G,168.09
2024,07652,256.27,PSE&G,227.03
2024,07656,242.22,PSE&G,229.04
2024,07657,203.82,PSE&G,168.09
2024,07660,190.14,PSE&G,185.48
2024,07661,237.00,PSE&G,227.03
2024,07662,230.74,PSE&G,227.03
2024,07663,223.81,PSE&G,196.83
2024,07666,235.70,PSE&G,185.48
2024,07670,253.74,PSE&G,229.04
2024,07675,242.66,PSE&G,269.09
2024,07676,260.40,PSE&G,326.21
2024,07677,285.81,PSE&G,326.21
2024,07701,160.53,JCP&L,175.28
2024,07702,195.92,JCP&L,176.29
2024,07704,208.15,JCP&L,176.29
2024,07711,199.39,JCP&L,164.70
2024,07712,139.86,JCP&L,164.25
2024,07716,166.60,JCP&L,176.29
2024,07717,170.01,JCP&L,160.40
2024,07718,197.40,JCP&L,176.29
2024,07719,170.81,JCP&L,160.40
2024,07720,142.25,JCP&L,160.40
2024,07721,144.47,JCP&L,171.92
2024,07722,227.58,JCP&L,208.71
2024,07723,198.09,JCP&L,164.70
2024,07724,157.24,JCP&L,165.22
2024,07726,184.20,JCP&L,193.31
2024,07727,184.80,JCP&L,202.14
2024,07728,174.50,JCP&L,195.16
2024,07730,190.85,JCP&L,172.83
2024,07731,193.25,JCP&L,208.72
2024,07732,139.06,JCP&L,176.29
2024,07733,204.54,JCP&L,172.83
2024,07734,162.27,JCP&L,175.42
2024,07735,173.91,JCP&L,170.74
2024,07737,192.36,JCP&L,176.29
2024,07738,195.92,JCP&L,172.83
2024,07739,206.09,JCP&L,176.29
2024,07740,137.08,JCP&L,164.70
2024,07746,206.66,JCP&L,208.83
2024,07747,163.41,JCP&L,166.46
2024,07748,190.70,JCP&L,175.20
2024,07750,149.04,JCP&L,176.29
2024,07751,198.33,JCP&L,208.83
2024,07753,156.12,JCP&L,160.40
2024,07755,198.87,JCP&L,164.70
2024,07756,165.83,JCP&L,160.40
2024,07757,192.66,JCP&L,164.70
2024,07758,185.40,JCP&L,176.29
2024,07760,192.36,JCP&L,176.29
2024,07762,168.59,JCP&L,160.40
2024,07764,181.32,JCP&L,164.70
2024,07801,156.00,JCP&L,151.42
2024,07803,180.96,JCP&L,178.69
2024,07821,199.82,JCP&L,174.10
2024,07822,204.05,JCP&L,175.88
2024,07823,166.92,JCP&L,155.17
2024,07825,199.37,JCP&L,155.50
2024,07826,190.45,JCP&L,175.88
2024,07827,178.23,JCP&L,175.88
2024,07828,151.74,JCP&L,178.69
2024,07830,209.97,JCP&L,193.06
2024,07832,196.05,JCP&L,155.17
2024,07833,210.16,JCP&L,155.17
2024,07834,185.63,JCP&L,151.04
2024,07836,176.53,JCP&L,178.69
2024,07838,202.56,JCP&L,155.17
2024,07840,166.57,JCP&L,159.95
2024,07843,188.14,JCP&L,175.88
2024,07844,185.85,JCP&L,155.17
2024,07846,231.57,JCP&L,155.17
2024,07847,192.61,JCP&L,178.69
2024,07848,187.78,JCP&L,175.88
2024,07849,192.92,JCP&L,149.81
2024,07850,190.32,JCP&L,178.69
2024,07851,198.14,JCP&L,175.88
2024,07852,158.88,JCP&L,178.69
2024,07853,212.98,JCP&L,178.69
2024,07856,143.74,JCP&L,178.69
2024,07857,164.03,JCP&L,178.69
2024,07860,180.32,JCP&L,175.46
2024,07863,187.39,JCP&L,155.17
2024,07865,193.05,JCP&L,166.98
2024,07866,172.79,JCP&L,149.62
2024,07869,190.15,JCP&L,178.61
2024,07871,201.29,JCP&L,175.88
2024,07874,190.40,JCP&L,175.79
2024,07876,203.53,JCP&L,178.69
2024,07878,197.78,JCP&L,170.50
2024,07880,201.75,JCP&L,155.17
2024,07882,179.91,JCP&L,155.88
2024,07885,154.96,JCP&L,151.30
2024,07901,236.10,PSE&G,176.03
2024,07920,237.90,PSE&G,216.68
2024,07921,195.41,PSE&G,217.69
2024,07922,260.52,PSE&G,176.03
2024,07924,271.54,PSE&G,217.69
2024,07927,163.80,JCP&L,169.10
2024,07928,189.74,JCP&L,169.10
2024,07930,227.16,JCP&L,178.69
2024,07931,294.87,PSE&G,209.09
2024,07932,162.82,JCP&L,169.10
2024,07933,203.94,JCP&L,169.10
2024,07934,270.04,PSE&G,217.69
2024,07935,226.28,JCP&L,169.10
2024,07936,198.79,JCP&L,170.50
2024,07940,178.60,JCP&L,169.10
2024,07945,225.74,JCP&L,178.69
2024,07946,207.99,JCP&L,169.10
2024,07950,168.51,JCP&L,169.75
2024,07960,159.88,JCP&L,169.39
2024,07970,215.66,JCP&L,178.69
2024,07974,240.24,PSE&G,176.03
2024,07976,210.70,JCP&L,169.10
2024,07977,272.85,PSE&G,217.69
2024,07980,190.86,JCP&L,169.10
2024,07981,184.48,JCP&L,169.10
2024,08001,247.48,Atlantic City Electric,238.28
2024,08002,211.40,PSE&G,238.69
2024,08003,254.96,PSE&G,238.67
2024,08004,250.26,PSE&G,214.20
2024,08005,188.12,JCP&L,217.16
2024,08006,197.43,JCP&L,217.16
2024,08007,201.46,PSE&G,209.03
2024,08008,193.28,JCP&L,217.16
2024,08009,237.38,PSE&G,214.20
2024,08010,197.83,Atlantic City Electric,233.36
2024,08012,224.31,PSE&G,221.25
2024,08014,248.68,Atlantic City Electric,234.83
2024,08015,227.83,Atlantic City Electric,247.36
2024,08016,210.01,Atlantic City Electric,233.48
2024,08019,240.46,Atlantic City Electric,247.36
2024,08020,245.10,Atlantic City Electric,234.83
2024,08021,188.66,PSE&G,211.11
2024,08022,253.45,Atlantic City Electric,247.36
2024,08023,251.83,Atlantic City Electric,238.28
2024,08026,257.83,PSE&G,238.69
2024,08027,235.50,Atlantic City Electric,234.83
2024,08028,202.45,Atlantic City Electric,234.75
2024,08029,231.58,PSE&G,214.20
2024,08030,215.95,PSE&G,238.52
2024,08031,217.26,PSE&G,214.20
2024,08032,303.57,PSE&G,230.22
2024,08033,241.89,PSE&G,229.89
2024,08034,231.12,PSE&G,238.69
2024,08035,245.53,PSE&G,208.83
2024,08036,246.60,Atlantic City Electric,247.36
2024,08037,224.14,Atlantic City Electric,228.89
2024,08038,232.64,Atlantic City Electric,238.28
2024,08041,264.98,Atlantic City Electric,247.36
2024,08042,237.87,Atlantic City Electric,247.36
2024,08043,210.49,PSE&G,238.69
2024,08045,234.70,PSE&G,208.83
2024,08046,239.07,Atlantic City Electric,233.36
2024,08048,218.50,Atlantic City Electric,247.36
2024,08049,226.75,PSE&G,209.72
2024,08050,186.87,JCP&L,217.16
2024,08051,209.10,Atlantic City Electric,233.68
2024,08052,173.57,Atlantic City Electric,216.37
2024,08053,211.64,Atlantic City Electric,216.36
2024,08054,209.30,Atlantic City Electric,216.36
2024,08055,246.29,Atlantic City Electric,216.39
2024,08056,260.39,Atlantic City Electric,234.83
2024,08057,242.75,Atlantic City Electric,216.63
2024,08059,233.94,PSE&G,214.37
2024,08060,212.62,Atlantic City Electric,247.36
2024,08061,239.22,Atlantic City Electric,234.83
2024,08062,258.89,Atlantic City Electric,234.83
2024,08063,229.70,Atlantic City Electric,230.22
2024,08065,206.70,Atlantic City Electric,233.36
2024,08066,203.92,Atlantic City Electric,230.23
2024,08067,244.08,Atlantic City Electric,238.28
2024,08068,208.16,Atlantic City Electric,247.36
2024,08069,203.90,Atlantic City Electric,238.28
2024,08070,216.08,Atlantic City Electric,238.28
2024,08071,220.22,Atlantic City Electric,234.83
2024,08072,242.23,Atlantic City Electric,238.28
2024,08075,211.32,Atlantic City Electric,233.36
2024,08077,235.26,Atlantic City Electric,233.31
2024,08078,227.09,PSE&G,214.20
2024,08079,209.39,Atlantic City Electric,238.28
2024,08080,235.44,Atlantic City Electric,231.01
2024,08081,244.37,PSE&G,214.81
2024,08083,239.71,PSE&G,210.63
2024,08084,227.53,PSE&G,208.83
2024,08085,235.72,Atlantic City Electric,234.85
2024,08086,193.94,Atlantic City Electric,230.22
2024,08087,185.79,JCP&L,217.94
2024,08088,252.17,Atlantic City Electric,247.36
2024,08089,256.64,PSE&G,214.20
2024,08090,248.84,Atlantic City Electric,230.22
2024,08091,229.85,PSE&G,214.20
2024,08092,195.96,JCP&L,217.16
2024,08093,198.33,Atlantic City Electric,230.22
2024,08094,227.00,Atlantic City Electric,234.66
2024,08096,214.16,Atlantic City Electric,230.22
2024,08097,251.84,Atlantic City Electric,230.22
2024,08098,231.60,Atlantic City Electric,238.27
2024,08102,157.19,PSE&G,243.11
2024,08103,200.59,PSE&G,243.11
2024,08104,188.38,PSE&G,243.07
2024,08105,200.99,PSE&G,243.11
2024,08106,231.59,PSE&G,208.83
2024,08107,200.64,PSE&G,214.88
2024,08108,210.68,PSE&G,208.83
2024,08109,225.01,PSE&G,243.11
2024,08110,230.60,PSE&G,243.11
2024,08201,201.45,Atlantic City Electric,189.32
2024,08202,234.73,Atlantic City Electric,186.78
2024,08203,197.22,Atlantic City Electric,189.32
2024,08204,220.13,Atlantic City Electric,186.78
2024,08205,211.79,Atlantic City Electric,189.32
2024,08210,226.42,Atlantic City Electric,186.78
2024,08212,234.60,Atlantic City Electric,186.78
2024,08215,223.09,Atlantic City Electric,199.42
2024,08221,242.84,Atlantic City Electric,199.33
2024,08223,233.05,Atlantic City Electric,186.78
2024,08224,252.28,Atlantic City Electric,247.36
2024,08225,234.75,Atlantic City Electric,189.32
2024,08226,192.94,Atlantic City Electric,186.78
2024,08230,232.71,Atlantic City Electric,186.78
2024,08232,198.02,Atlantic City Electric,196.38
2024,08234,224.75,Atlantic City Electric,232.59
2024,08241,242.04,Atlantic City Electric,189.32
2024,08242,211.73,Atlantic City Electric,186.78
2024,08243,202.31,Atlantic City Electric,186.78
2024,08244,183.85,Atlantic City Electric,186.80
2024,08246,215.04,Atlantic City Electric,186.78
2024,08247,229.52,Atlantic City Electric,186.78
2024,08248,227.56,Atlantic City Electric,186.78
2024,08251,226.20,Atlantic City Electric,186.78
2024,08260,187.87,Atlantic City Electric,186.78
2024,08270,228.83,Atlantic City Electric,189.72
2024,08302,211.35,Atlantic City Electric,232.51
2024,08310,193.77,Atlantic City Electric,232.59
2024,08311,237.62,Atlantic City Electric,201.97
2024,08312,216.17,Atlantic City Electric,234.83
2024,08314,246.50,Atlantic City Electric,201.97
2024,08316,218.65,Atlantic City Electric,201.97
2024,08317,245.24,Atlantic City Electric,232.59
2024,08318,236.91,Atlantic City Electric,238.28
2024,08319,229.26,Atlantic City Electric,232.59
2024,08321,213.25,Atlantic City Electric,201.97
2024,08322,240.48,Atlantic City Electric,234.83
2024,08323,240.69,Atlantic City Electric,238.28
2024,08324,213.90,Atlantic City Electric,201.97
2024,08326,226.05,Atlantic City Electric,232.59
2024,08327,231.63,Atlantic City Electric,201.97
2024,08328,238.70,Atlantic City Electric,234.83
2024,08329,254.69,Atlantic City Electric,201.97
2024,08330,206.35,Atlantic City Electric,232.14
2024,08332,210.52,Atlantic City Electric,202.93
2024,08340,238.81,Atlantic City Electric,223.19
2024,08341,192.14,Atlantic City Electric,232.59
2024,08343,246.80,Atlantic City Electric,235.96
2024,08344,234.12,Atlantic City Electric,229.20
2024,08345,230.66,Atlantic City Electric,201.97
2024,08346,237.87,Atlantic City Electric,232.59
2024,08348,229.46,Atlantic City Electric,201.97
2024,08349,243.47,Atlantic City Electric,201.97
2024,08350,237.87,Atlantic City Electric,232.59
2024,08352,237.87,Atlantic City Electric,238.28
2024,08353,234.66,Atlantic City Electric,238.28
2024,08360,206.35,Atlantic City Electric,204.88
2024,08361,224.10,Atlantic City Electric,201.97
2024,08401,150.57,Atlantic City Electric,189.32
2024,08402,206.35,Atlantic City Electric,189.32
2024,08403,222.06,Atlantic City Electric,189.32
2024,08406,196.84,Atlantic City Electric,189.32
2024,08501,199.94,JCP&L,195.06
2024,08502,258.51,PSE&G,204.06
2024,08505,207.68,Atlantic City Electric,234.06
2024,08510,230.83,JCP&L,192.78
2024,08511,203.56,Atlantic City Electric,247.36
2024,08512,194.26,PSE&G,199.11
2024,08514,206.62,JCP&L,183.39
2024,08515,242.34,Atlantic City Electric,247.27
2024,08518,213.84,Atlantic City Electric,233.36
2024,08520,203.18,PSE&G,188.38
2024,08525,257.77,PSE&G,218.36
2024,08527,184.73,JCP&L,169.96
2024,08528,243.11,PSE&G,208.18
2024,08530,173.00,JCP&L,198.80
2024,08533,190.66,JCP&L,169.96
2024,08534,254.12,PSE&G,222.00
2024,08535,215.66,JCP&L,192.78
2024,08536,170.11,PSE&G,213.82
2024,08540,211.62,PSE&G,217.91
2024,08542,180.48,PSE&G,222.00
2024,08550,248.20,PSE&G,222.00
2024,08551,209.80,JCP&L,196.12
2024,08553,248.52,PSE&G,204.06
2024,08554,206.30,Atlantic City Electric,233.36
2024,08555,187.91,JCP&L,192.78
2024,08558,257.88,PSE&G,204.21
2024,08559,199.61,JCP&L,196.12
2024,08560,274.85,PSE&G,223.12
2024,08561,232.05,PSE&G,188.38
2024,08562,200.66,Atlantic City Electric,247.36
2024,08608,130.48,PSE&G,237.25
2024,08609,183.13,PSE&G,222.54
2024,08610,168.56,JCP&L,194.97
2024,08611,144.43,JCP&L,236.08
2024,08618,190.40,PSE&G,237.25
2024,08619,220.28,PSE&G,188.38
2024,08620,238.17,PSE&G,203.43
2024,08628,203.05,PSE&G,237.25
2024,08629,214.10,PSE&G,216.22
2024,08638,207.85,PSE&G,237.25
2024,08640,191.11,Atlantic City Electric,247.36
2024,08641,205.64,Atlantic City Electric,247.36
2024,08648,210.66,PSE&G,222.04
2024,08690,238.86,PSE&G,188.38
2024,08691,211.14,PSE&G,188.44
2024,08701,156.80,JCP&L,227.17
2024,08720,195.79,JCP&L,160.40
2024,08721,185.67,JCP&L,166.65
2024,08722,195.08,JCP&L,166.65
2024,08723,178.76,JCP&L,174.13
2024,08724,179.57,JCP&L,174.07
2024,08730,197.68,JCP&L,160.40
2024,08731,191.12,JCP&L,217.16
2024,08732,193.10,JCP&L,166.65
2024,08733,167.68,JCP&L,169.96
2024,08734,195.86,JCP&L,217.16
2024,08735,183.36,JCP&L,166.65
2024,08736,190.88,JCP&L,160.40
2024,08738,201.42,JCP&L,174.13
2024,08740,187.81,JCP&L,166.65
2024,08741,195.40,JCP&L,166.65
2024,08742,182.21,JCP&L,174.13
2024,08750,203.36,JCP&L,160.40
2024,08751,155.47,JCP&L,166.65
2024,08752,166.94,JCP&L,166.65
2024,08753,183.93,JCP&L,167.24
2024,08755,172.20,JCP&L,166.65
2024,08757,179.29,JCP&L,167.62
2024,08758,188.40,JCP&L,217.16
2024,08759,158.64,JCP&L,169.98
2024,08801,183.99,JCP&L,196.12
2024,08802,208.55,JCP&L,183.62
2024,08804,197.76,JCP&L,182.89
2024,08805,200.06,PSE&G,211.08
2024,08807,239.11,PSE&G,212.15
2024,08809,165.40,JCP&L,196.12
2024,08810,223.99,PSE&G,213.82
2024,08812,227.52,PSE&G,208.18
2024,08816,231.26,PSE&G,215.54
2024,08817,196.56,PSE&G,164.44
2024,08820,226.43,PSE&G,184.84
2024,08821,256.97,PSE&G,217.69
2024,08822,181.83,JCP&L,196.12
2024,08823,183.30,PSE&G,204.06
2024,08824,259.87,PSE&G,213.82
2024,08825,187.80,JCP&L,196.12
2024,08826,187.03,JCP&L,196.12
2024,08827,195.16,JCP&L,192.94
2024,08828,182.03,PSE&G,153.08
2024,08829,181.16,JCP&L,196.12
2024,08830,213.27,PSE&G,163.82
2024,08831,232.82,PSE&G,153.58
2024,08832,167.78,PSE&G,164.24
2024,08833,199.93,JCP&L,196.12
2024,08835,225.30,PSE&G,211.08
2024,08836,300.43,PSE&G,215.88
2024,08837,180.39,PSE&G,164.24
2024,08840,232.03,PSE&G,164.18
2024,08844,235.85,PSE&G,210.84
2024,08846,226.71,PSE&G,205.17
2024,08848,198.20,JCP&L,196.12
2024,08850,251.24,PSE&G,216.09
2024,08852,196.92,PSE&G,213.82
2024,08853,246.96,PSE&G,214.94
2024,08854,212.10,PSE&G,206.85
2024,08857,216.51,PSE&G,153.05
2024,08859,200.85,PSE&G,146.30
2024,08861,185.16,PSE&G,145.24
2024,08863,226.58,PSE&G,164.06
2024,08865,172.68,JCP&L,155.17
2024,08867,208.66,JCP&L,196.12
2024,08869,204.28,PSE&G,211.08
2024,08872,208.92,PSE&G,144.34
2024,08873,208.05,PSE&G,204.06
2024,08876,211.80,PSE&G,213.72
2024,08879,210.82,PSE&G,147.57
2024,08880,215.88,PSE&G,211.06
2024,08882,234.12,PSE&G,216.47
2024,08884,225.40,PSE&G,153.08
2024,08886,195.20,JCP&L,155.17
2024,08887,149.66,JCP&L,196.12
2024,08889,191.37,JCP&L,196.12
2024,08901,167.02,PSE&G,216.47
2024,08902,197.98,PSE&G,214.74
2024,08904,181.28,PSE&G,216.47
