node,zone,lat,lon,dist_dc_mi,dc_within_10,prem_2020,prem_2021,prem_2022,prem_2023,prem_2024,prem_2025,prem_2026
TONNELLE,PSEG,40.794,-74.025,0.000,21,0.428,2.558,2.097,1.758,0.563,0.695,2.003
ONTARIO,AECO,39.377,-74.451,0.000,1,0.087,-0.591,-0.185,-0.803,0.245,0.109,0.413
WILLIAM1,PSEG,40.822,-74.310,0.000,14,-0.006,-0.916,1.381,1.566,-0.149,0.191,-0.176
LIBRTYST,PSEG,40.719,-74.039,0.166,21,-0.072,-0.655,-0.732,-0.673,-0.442,-0.449,-0.939
HOMESTEA,PSEG,40.782,-74.068,0.276,21,0.371,2.168,1.749,1.527,0.433,0.487,1.701
NEWARKEC,PSEG,40.736,-74.174,0.276,22,0.329,1.850,1.378,1.305,0.358,0.385,1.433
BARCLAYS,PSEG,40.540,-74.463,0.276,12,-0.022,-0.559,-0.206,0.107,-0.171,0.005,0.181
TOTOWA,PSEG,40.903,-74.220,0.276,8,0.377,3.235,2.624,1.786,0.435,0.560,0.807
LINVFT,PSEG,40.831,-74.135,0.276,25,0.139,-0.241,0.384,0.803,0.338,0.325,1.418
HOBOKEN,PSEG,40.768,-74.025,0.404,21,0.374,2.143,1.733,1.499,0.434,0.489,1.696
CARLSTAD,PSEG,40.832,-74.059,0.447,25,0.425,2.620,2.332,1.864,0.622,0.680,1.891
NEWPORT,AECO,40.732,-74.052,0.753,21,0.345,-0.413,0.510,-0.588,0.785,0.476,0.765
TEXAVE,PSEG,40.744,-74.155,0.854,22,,,-0.438,-0.596,-0.386,-0.409,-0.859
MACARTHR,RECO,40.739,-74.195,0.882,22,0.373,2.696,1.826,3.085,2.021,3.186,0.617
RIVERROA,PSEG,40.787,-74.009,0.970,21,0.411,2.698,2.189,1.810,0.588,0.728,2.066
HARTSLAN,PSEG,40.437,-74.397,1.147,11,0.011,-0.390,-0.175,-0.170,-0.140,-0.067,-0.617
LINDEN,PSEG,40.604,-74.233,1.179,7,0.164,0.928,0.655,0.980,0.355,0.336,1.054
HARVEY,PSEG,40.821,-74.156,1.184,26,,0.942,2.147,1.707,0.518,0.582,1.774
WYCKOFF,JCPL,40.242,-74.530,1.207,2,0.017,-0.631,-0.272,-0.129,-0.186,-0.195,-0.072
VANWINKL,PSEG,40.817,-74.085,1.350,25,0.396,2.302,1.982,1.646,0.509,0.553,1.658
GRNOTCH,PSEG,40.882,-74.206,1.387,11,0.356,3.275,2.583,1.761,0.414,0.489,0.746
SFIFTHST,PSEG,40.723,-74.200,1.398,20,0.325,2.018,1.591,1.436,0.435,0.489,1.586
CJN,PSEG,40.717,-74.076,1.422,21,-0.035,-0.545,-0.387,-0.383,-0.336,-0.306,-0.789
DEANS,PSEG,40.389,-74.489,1.444,7,-0.137,-0.570,-0.661,-0.234,-0.444,-0.323,-0.973
GRENVIL,PSEG,40.678,-74.090,1.496,20,0.263,1.535,1.414,1.352,0.461,0.527,1.595
ATHENIA,PSEG,40.847,-74.161,1.537,21,0.430,2.690,2.379,1.828,0.730,0.664,1.914
ERUTHERF,PSEG,40.820,-74.106,1.611,25,0.413,2.649,2.339,1.807,0.687,0.652,1.889
BRIDGEWA,PSEG,40.594,-74.588,1.620,11,-0.100,-0.673,-0.467,-0.266,-0.435,-0.231,-0.456
PASSAIC,PSEG,40.855,-74.118,1.662,21,0.855,2.768,2.704,1.881,0.664,0.747,1.977
MADISNPS,PSEG,40.745,-74.028,1.673,21,0.520,2.214,1.757,1.524,0.498,0.591,1.904
SEWAREN,PSEG,40.569,-74.256,1.684,2,-0.004,-0.109,-0.187,-0.101,-0.239,0.101,0.825
DRTTOTO,PSEG,40.850,-74.074,1.741,24,,,2.569,1.753,0.405,0.486,0.750
NICHLSN,PSEG,40.763,-74.187,1.744,25,,,,,,-0.777,-1.223
NEWARK,PSEG,40.723,-74.139,1.789,21,0.328,1.671,1.369,1.303,0.441,0.516,1.529
SOMERVIL,PSEG,40.571,-74.646,1.852,9,-0.117,-0.692,-0.533,-0.271,-0.477,-0.282,-0.622
BRUNSWIC,PSEG,40.449,-74.440,1.874,11,-0.091,-0.531,-0.560,-0.295,-0.348,-0.344,-1.286
14STREET,PSEG,40.752,-74.054,1.941,21,,,,-0.247,-0.137,0.073,-0.202
CLAYSTR,PSEG,40.768,-74.168,1.957,25,0.278,1.589,1.268,1.184,0.313,0.362,0.990
BENNETTS,PSEG,40.469,-74.549,2.032,13,-0.109,-0.590,-0.589,-0.282,-0.431,-0.360,-1.236
MORRISTO,JCPL,40.795,-74.465,2.053,3,0.010,-0.630,0.062,0.450,-0.258,-0.166,-1.172
NWRKARPT,PSEG,40.698,-74.171,2.392,21,0.256,1.466,1.148,1.248,0.433,0.485,1.362
NPATERSO,PSEG,40.917,-74.172,2.428,8,0.457,3.100,2.920,1.895,0.712,0.723,1.660
MINUEST,PSEG,40.756,-74.218,2.434,20,0.083,0.309,0.140,0.671,0.240,0.178,0.839
WHIPPANY,JCPL,40.819,-74.396,2.450,3,0.002,-0.744,-0.104,0.297,-0.198,0.011,-0.267
BURL_TAP,AECO,39.979,-74.868,2.477,3,,,,,-0.209,-0.550,-0.996
KINGSLAN,PSEG,40.792,-74.120,2.535,25,0.344,1.781,1.453,1.328,0.347,0.396,1.404
WCALDWEL,PSEG,40.849,-74.277,2.551,14,0.009,-0.314,0.068,0.434,-0.110,0.099,-0.008
TURNPIKE,PSEG,40.752,-74.123,2.609,21,0.335,1.785,1.304,1.240,0.296,0.371,1.302
LIVINGPS,PSEG,40.786,-74.329,2.672,10,,,,,-0.482,0.062,-0.180
BELLEMDT,PSEG,40.793,-74.161,2.699,26,-0.037,-0.547,-0.397,-0.364,-0.329,-0.290,-0.776
BERGEN,PSEG,40.844,-74.016,2.709,15,0.394,2.472,2.048,1.780,0.519,0.739,1.918
HOWEAVE,PSEG,40.742,-74.230,2.734,17,,,,,0.572,0.678,1.912
CLIFFS,PSEG,40.823,-73.988,2.776,16,,,,,,0.729,2.039
QTS,PSEG,40.772,-74.207,2.835,26,-0.024,-0.551,-0.159,0.098,-0.170,0.029,0.206
DOREMUSP,PSEG,40.710,-74.224,2.922,20,0.290,1.592,1.235,1.282,0.427,0.469,1.429
HINCHMAN,PSEG,40.946,-74.245,2.966,7,0.373,3.334,2.980,1.822,0.599,0.653,0.755
MELRICH,PSEG,40.501,-74.428,2.975,11,,-0.390,-0.382,-0.327,-0.268,-0.218,-0.846
CLIF PS,PSEG,40.869,-74.173,3.068,20,0.376,2.774,2.244,1.779,0.456,0.486,2.006
LARRABEE,JCPL,40.145,-74.126,3.084,2,-0.031,-0.628,-0.354,-0.329,-0.199,-0.182,-0.081
OCEANVIE,JCPL,40.206,-74.032,3.151,2,0.013,-0.552,-0.158,-0.124,-0.047,-0.038,0.378
DOWJONES,PSEG,40.390,-74.544,3.169,7,-0.024,-0.499,-0.345,-0.305,-0.228,-0.192,-0.669
LAKENELS,PSEG,40.574,-74.415,3.233,11,-0.057,-0.659,-0.295,0.201,-0.240,-0.060,0.018
HACKENSA,PSEG,40.873,-74.049,3.257,15,,,,1.220,0.650,0.721,1.904
CEDAR,AECO,40.851,-74.215,3.325,20,-0.017,-0.662,-0.530,-0.668,-0.066,-0.128,0.102
MARION,PSEG,40.786,-74.265,3.427,13,0.265,1.562,1.216,1.285,0.426,0.491,1.376
GREYSTON,JCPL,40.843,-74.518,3.484,2,0.010,-0.602,0.114,0.360,-0.287,-0.071,-0.480
KULLERRD,PSEG,40.894,-74.149,3.490,15,0.400,2.731,2.715,1.805,0.668,0.688,1.877
READINGT,JCPL,40.590,-74.685,3.494,3,-0.047,-0.613,-0.415,0.003,-0.475,-0.277,-1.228
LEWIS,AECO,39.388,-74.515,3.496,1,-0.137,-0.933,-0.867,,,,
EATONCST,JCPL,40.324,-74.526,3.538,3,0.034,-0.515,-0.068,-0.097,-0.022,-0.017,0.312
MARIONDR,PSEG,40.937,-74.162,3.610,7,0.021,-0.504,0.130,0.477,0.114,0.135,0.150
WOODBRDG,JCPL,40.553,-74.287,3.634,7,-0.063,-0.708,-0.315,0.099,-0.246,-0.088,0.292
MANVILTP,AECO,40.540,-74.582,3.659,11,,-1.175,-1.972,-1.590,-0.669,-1.004,-1.557
MONTVILL,JCPL,40.896,-74.359,3.660,7,0.004,-0.734,-0.008,0.354,-0.172,0.057,-0.275
SENTINEL,PSEG,40.562,-74.533,3.705,11,0.005,-0.520,-0.192,-0.091,-0.254,-0.084,-0.279
COXSCORN,PSEG,40.484,-74.442,3.758,11,-0.385,-1.318,-1.673,-1.452,-0.579,-0.873,-1.400
COOKRD,PSEG,40.809,-74.204,3.779,20,0.216,2.178,1.420,1.291,0.334,0.378,1.320
DEEPRN,JCPL,40.393,-74.362,3.801,2,-0.025,-0.635,-0.187,-0.016,-0.151,-0.077,0.294
MEADOWRD,PSEG,40.515,-74.393,3.807,11,-0.050,-0.354,-0.385,-0.162,-0.316,-0.020,0.432
SAYREVIL,JCPL,40.456,-74.351,3.873,9,-0.063,-0.700,-0.301,0.042,-0.255,-0.092,0.327
ORANGEHT,PSEG,40.758,-74.249,3.954,15,,,,1.073,0.180,0.176,0.460
ADAMS,PSEG,40.442,-74.491,4.032,11,-0.095,-0.546,-0.564,-0.289,-0.406,-0.346,-1.277
TAYLORLN,JCPL,40.911,-74.427,4.138,3,0.007,-0.569,-0.118,-0.021,-0.056,-0.016,0.398
Z650TAP,PSEG,40.671,-74.177,4.226,18,-0.084,-0.687,-0.636,-0.544,-0.450,-0.416,-0.867
CINNAMIN,PSEG,39.990,-74.966,4.336,3,-0.386,-1.303,-1.633,-1.490,-0.521,-0.856,-1.446
HURON,AECO,39.422,-74.393,4.365,1,0.084,-0.565,-0.169,-0.796,0.254,0.114,0.419
PLAUDERV,PSEG,40.896,-74.107,4.432,14,,,0.791,1.833,0.649,0.738,1.958
GREENBRO,PSEG,40.603,-74.499,4.490,11,-0.056,-0.670,-0.292,0.218,-0.247,-0.037,-0.155
CLARKSVI,PSEG,40.280,-74.622,4.619,2,-0.120,-0.784,-0.781,-0.596,-0.545,-0.521,-0.908
BAYWAY,PSEG,40.652,-74.200,4.677,12,0.236,1.423,1.060,1.210,0.398,0.444,1.273
ELIZABTH,PSEG,40.673,-74.224,4.802,9,,,,,,0.388,1.265
LEONIA,PSEG,40.857,-73.980,4.807,13,0.403,2.410,2.063,1.853,0.540,0.741,1.910
MAYWOOD,PSEG,40.896,-74.075,4.834,15,0.422,3.421,2.224,2.404,0.535,0.626,1.886
MARVENAE,AECO,39.337,-74.526,4.879,1,0.111,-0.551,-0.085,-0.769,0.308,0.184,0.544
LUMBERTO,PSEG,39.954,-74.803,4.933,3,-0.362,-1.272,-1.578,-1.397,-0.553,-0.823,-1.330
ATLANTIC,JCPL,40.205,-74.158,4.987,2,0.035,-0.511,-0.075,-0.104,-0.033,-0.026,0.310
MAPLESHD,PSEG,39.929,-74.998,5.071,3,-0.219,-1.008,-1.035,-1.315,-0.248,-0.584,-0.887
WESTFIEL,PSEG,40.626,-74.311,5.146,5,0.005,-0.337,0.146,0.499,0.169,0.163,0.222
TEANECK,PSEG,40.890,-74.011,5.153,11,0.427,3.345,2.203,2.040,0.572,0.717,1.895
METUCHEN,PSEG,40.543,-74.359,5.190,12,-0.027,-0.243,-0.271,-0.108,-0.264,0.049,0.975
MTROSEPS,PSEG,40.659,-74.263,5.253,7,-0.029,-0.561,-0.388,-0.502,-0.444,-0.388,-0.801
SUNNYMEA,PSEG,40.537,-74.312,5.333,8,-0.137,-0.661,-0.658,-0.284,-0.542,-0.396,-1.190
ABSECON,AECO,39.453,-74.473,5.340,1,-0.127,-0.919,-0.843,-1.059,-0.064,-0.261,-0.272
HCS,PSEG,40.579,-74.331,5.443,7,0.398,2.478,2.193,1.945,0.578,1.053,2.082
MARLTON,PSEG,39.886,-74.971,5.497,3,-0.408,-1.389,-1.779,-1.496,-0.617,-0.929,-1.497
VAUXHALL,PSEG,40.717,-74.281,5.547,8,,,0.350,0.858,0.275,0.388,1.005
CHESTJCT,JCPL,40.664,-74.675,5.553,2,0.069,-0.197,0.622,0.542,-0.346,-0.144,-0.356
WHITHRSE,PSEG,40.217,-74.631,5.585,1,,-0.780,-0.771,-0.693,-0.463,-0.469,-0.981
PLAINFIE,PSEG,40.622,-74.434,5.586,9,-0.021,-0.540,-0.174,0.113,-0.209,0.068,0.151
DEYRD,PSEG,40.333,-74.587,5.592,2,-0.089,-0.760,,,,,
HAWTHORN,PSEG,40.978,-74.164,5.689,5,0.378,3.188,3.022,1.830,0.714,0.875,0.823
FAIRLAWN,PSEG,40.948,-74.121,5.743,7,0.446,2.658,2.533,1.817,0.737,0.690,1.596
RIVRSDPS,PSEG,40.030,-74.949,5.894,3,-0.338,-1.225,-1.398,-1.395,-0.466,-0.746,-1.216
MANALAPA,JCPL,40.232,-74.432,5.941,2,-0.101,-0.720,-0.454,-0.372,-0.335,-0.333,-0.403
LEVITTOW,PSEG,40.041,-74.903,6.064,3,-0.385,-1.303,-1.629,-1.486,-0.548,-0.855,-1.446
PARLIN,JCPL,40.458,-74.304,6.246,5,-0.061,-0.693,-0.324,0.000,-0.237,-0.100,0.364
EAGLEGEN,PSEG,40.514,-74.344,6.259,11,-0.462,-1.412,-2.090,-1.675,-0.572,-0.952,-1.921
TRAYNOR,JCPL,40.741,-74.403,6.365,3,-0.013,-0.685,-0.173,0.274,-0.201,0.019,-0.091
STANLEYT,PSEG,40.654,-74.313,6.443,7,0.035,0.281,0.330,0.639,0.212,0.242,0.501
WERNER,JCPL,40.493,-74.276,6.483,3,-0.056,-0.690,-0.287,0.074,-0.242,-0.062,0.354
MORRISPA,JCPL,40.842,-74.579,6.506,2,-0.007,0.010,0.891,0.387,-0.988,-0.809,-1.800
HOPECREE,PSEG,40.515,-74.700,6.623,6,-0.645,-1.993,-2.837,-2.028,-1.057,-1.465,-2.307
ECHELON,PSEG,39.853,-74.927,6.624,3,,,,,-0.788,-0.965,-1.562
NEJESCO,JCPL,40.511,-74.319,6.721,8,-0.059,-0.701,-0.299,0.103,-0.240,-0.082,0.346
ENGLISHT,JCPL,40.310,-74.388,6.759,3,-0.063,-0.616,-0.204,-0.217,-0.192,-0.173,0.150
ALDENE,PSEG,40.678,-74.288,6.939,8,0.020,-0.310,0.237,0.589,0.187,0.217,0.461
NJTABERD,JCPL,40.150,-74.204,6.986,2,0.007,-0.569,-0.118,-0.021,-0.056,-0.016,0.398
MEDFORD2,PSEG,39.863,-74.822,7.004,3,-0.332,-1.226,-1.474,-1.366,-0.503,-0.761,-1.168
PENNSNEC,PSEG,39.942,-75.037,7.038,3,-0.026,-0.542,-0.407,-0.354,-0.251,-0.256,-0.741
SADDLEBR,PSEG,40.974,-74.322,7.054,5,0.388,2.599,2.142,1.652,0.498,0.576,1.912
MONTGOPS,PSEG,40.448,-74.653,7.064,5,-0.064,-0.555,-0.451,-0.280,-0.297,-0.228,-0.723
SPRINGVA,PSEG,40.927,-74.040,7.073,10,0.460,3.076,2.581,2.006,0.690,0.688,1.700
LAKEWOOD,JCPL,40.060,-74.098,7.385,2,-0.013,-0.611,-0.339,-0.340,-0.172,-0.157,0.041
ENGLEWD,PSEG,40.898,-73.956,7.445,7,0.431,3.239,2.209,2.007,0.583,0.737,1.974
FANWOOD,PSEG,40.635,-74.387,7.465,7,-0.015,-0.464,-0.232,0.079,-0.226,0.053,0.428
SANDHILL,PSEG,40.150,-74.522,7.509,1,-0.008,-0.450,-0.284,-0.202,-0.197,-0.103,-0.609
DELAIR,PSEG,39.987,-75.047,8.008,3,-0.336,-1.230,-1.486,-1.469,-0.419,-0.776,-1.238
NEWMILFR,PSEG,40.938,-74.017,8.049,4,0.422,3.612,2.267,2.189,0.635,0.694,1.819
STON JC,JCPL,40.934,-74.518,8.205,2,0.039,-0.584,0.177,0.406,-0.193,0.060,-0.219
LAWNSIDE,PSEG,39.880,-75.033,8.225,3,-0.232,-1.025,-1.095,-1.357,-0.297,-0.640,-0.998
PARAMUS,PSEG,40.972,-74.083,8.365,5,0.452,3.124,2.631,1.992,0.711,0.728,1.639
WALDWICK,PSEG,41.003,-74.121,8.371,4,0.386,2.826,2.583,1.919,1.080,1.700,0.898
YARDVILL,PSEG,40.170,-74.651,8.481,1,-0.214,-0.838,-0.967,-0.876,-0.501,-0.566,-1.070
LINDENWO,AECO,39.834,-74.969,8.539,3,-0.382,-1.379,-2.219,,,,
CUTHBERT,PSEG,39.915,-75.062,8.630,3,-0.389,-1.325,-1.727,-1.602,-0.490,-0.890,-1.468
BURLINGT,PSEG,40.068,-74.833,8.713,3,-0.397,-1.294,-1.547,-1.395,-0.601,-0.832,-1.458
FAATC,AECO,39.488,-74.534,8.837,1,,,,-1.017,-0.036,-0.243,-0.201
HUNTGLEN,PSEG,40.400,-74.654,8.852,5,,-0.569,-0.675,-0.499,-0.358,-0.410,-1.227
GILLETTE,JCPL,40.686,-74.496,8.937,3,-0.044,-0.700,-0.291,0.236,-0.224,-0.009,-0.107
SUMM JC,JCPL,40.698,-74.366,9.064,2,-0.027,-0.687,-0.190,0.269,-0.205,0.015,-0.086
CARDIFF,AECO,39.388,-74.621,9.093,1,-0.207,-1.082,-1.169,-1.185,-0.241,-0.501,-0.702
MCCLEABD,PSEG,40.433,-74.239,9.325,1,0.455,3.058,2.917,1.890,0.718,0.708,1.620
TRENTON,PSEG,40.231,-74.714,9.387,1,-0.126,-0.758,-0.800,-0.727,-0.483,-0.480,-1.013
OAKLAND,RECO,41.034,-74.284,9.392,4,0.574,2.789,2.585,3.029,2.393,3.619,1.275
DUMONTPS,PSEG,40.954,-73.995,9.491,1,0.427,3.389,2.237,2.055,0.588,0.691,1.803
LAWRESUB,PSEG,40.284,-74.717,9.568,1,-0.116,-0.753,-0.746,-0.613,-0.542,-0.495,-0.885
RUNNEMED,PSEG,39.860,-75.046,9.606,2,-0.250,-1.064,-1.181,-1.428,-0.386,-0.748,-1.197
BERLIN,AECO,39.807,-74.924,9.719,2,-0.399,-1.387,-1.816,-1.530,-0.612,-0.889,-1.382
ALLENDAL,RECO,41.033,-74.134,9.747,2,0.375,2.698,1.833,3.087,2.025,3.189,0.620
UPPERPIT,AECO,39.841,-75.029,9.819,1,-0.407,-1.426,-1.872,-1.547,-0.527,-0.890,-1.375
MTHOLLY,PSEG,40.000,-74.723,9.859,2,-0.348,-1.241,-1.496,-1.372,-0.517,-0.778,-1.241
WOODLYNN,PSEG,39.909,-75.084,9.882,1,,,-1.368,-1.450,-0.372,-0.734,-1.172
CRESSKIL,RECO,40.947,-73.957,9.998,1,0.438,2.170,1.843,2.289,2.174,3.420,0.805
WWHARTON,JCPL,40.900,-74.621,10.101,0,0.068,-0.308,0.517,0.546,-0.248,0.044,-0.168
TEWKSBRY,JCPL,40.704,-74.754,10.284,0,-0.066,-0.295,0.164,0.394,-0.772,-0.547,-1.635
PRNCTNPS,PSEG,40.366,-74.689,10.402,0,-0.019,-0.525,-0.389,-0.339,-0.248,-0.255,-0.740
STRATFOR,AECO,39.818,-75.008,10.478,0,-0.353,-1.338,-1.685,-1.485,-0.533,-0.854,-1.236
CHESTERF,PSEG,40.754,-74.636,10.539,0,-0.270,-0.926,-1.037,-0.982,-0.499,-0.599,-1.114
BEAVERBR,PSEG,39.873,-75.080,10.623,0,-0.423,-1.395,-1.889,-1.599,-0.548,-0.942,-1.563
GLOUCEST,PSEG,39.888,-75.095,10.854,0,-0.406,-1.353,-1.813,-1.629,-0.510,-0.910,-1.533
HAMLTNPS,PSEG,40.226,-74.741,10.865,0,-0.085,-0.683,-0.728,-0.661,-0.437,-0.449,-0.944
LOCUSTPS,PSEG,39.946,-75.110,10.874,0,-0.310,-1.164,-1.368,-1.428,-0.340,-0.686,-1.056
LENOX AE,AECO,39.535,-74.476,10.961,0,-0.091,-0.730,-0.531,-0.857,0.102,-0.046,0.258
MERCER,PSEG,40.189,-74.728,11.059,0,-0.136,-0.786,-0.830,-0.723,-0.493,-0.501,-1.030
ENGLAND,AECO,39.293,-74.628,11.111,0,-0.060,-0.885,-0.781,-1.053,0.029,-0.208,-0.261
AIRCOAE,AECO,39.853,-75.076,11.122,0,,,-1.246,-1.420,-0.140,-0.464,-0.786
HOLTEC,PSEG,39.916,-75.111,11.147,0,-0.320,-1.186,-1.426,-1.456,-0.376,-0.730,-1.148
SUMMITAV,RECO,41.059,-74.146,11.168,0,0.415,2.299,1.856,2.509,2.149,3.357,0.746
SMITHBUR,JCPL,40.174,-74.356,11.267,0,-0.104,-0.705,-0.533,-0.378,0.472,-0.331,-0.593
HILLTPPS,PSEG,39.841,-75.067,11.307,0,,,-1.444,-1.526,-0.529,-0.923,-1.518
MERION,AECO,39.264,-74.608,11.476,0,-0.042,-0.854,-0.732,-1.041,0.063,-0.175,-0.228
HARINGSC,RECO,41.047,-74.096,11.573,0,0.379,2.094,1.668,2.230,2.097,3.335,0.646
GLENGARD,JCPL,40.306,-74.211,11.691,0,0.018,-0.144,0.494,0.488,-0.589,-0.406,-0.627
HILLSDAL,PSEG,41.003,-74.033,11.710,0,0.421,3.450,2.351,2.154,0.704,0.734,1.629
WILLIAMS,AECO,40.127,-74.685,11.866,0,-0.441,-1.443,-1.978,-1.602,-0.665,-1.033,-1.542
DARLNGTO,RECO,41.082,-74.183,12.218,0,0.374,2.698,1.830,3.087,2.023,3.188,0.620
FLANDERS,JCPL,40.870,-74.682,12.224,0,0.289,0.204,1.563,0.790,-0.045,0.267,0.413
FRENEAU,JCPL,40.401,-74.186,12.248,0,0.006,-0.570,-0.119,-0.021,-0.057,-0.016,0.398
BUSTLETO,PSEG,40.115,-74.804,12.328,0,-0.308,-1.084,-1.236,-1.171,-0.565,-0.717,-1.339
EWING,PSEG,40.241,-74.773,12.402,0,-0.071,-0.663,-0.647,-0.559,-0.420,-0.384,-0.805
MANSFLD,PSEG,40.073,-74.724,12.495,0,,,-1.116,-1.108,-0.517,-0.676,-1.285
CLOSTER,RECO,40.987,-73.950,12.548,0,0.426,2.136,1.763,2.260,2.138,3.381,0.731
HOPATCON,PSEG,40.952,-74.636,12.894,0,-0.090,-0.498,-0.364,0.412,-0.406,-0.299,-1.474
EFLEMING,JCPL,40.497,-74.833,12.915,0,-0.131,-0.660,-0.765,-0.657,-0.588,-0.458,-0.823
TANSBORO,AECO,39.761,-74.933,12.960,0,-0.432,-1.444,-1.964,-1.587,-0.665,-0.999,-1.547
REDBAJCT,JCPL,40.361,-74.050,13.077,0,0.032,-0.519,-0.082,-0.103,-0.029,-0.024,0.299
MONTVALE,RECO,41.045,-74.046,13.162,0,0.401,2.194,1.775,2.394,2.126,3.349,0.699
MERRILCR,JCPL,40.009,-74.222,13.357,0,0.011,0.085,0.974,0.432,-0.897,-0.604,-1.246
CSQ_HOPE,PSEG,40.648,-74.866,13.433,0,-0.050,-0.605,-0.484,-0.521,-0.462,-0.408,-0.832
DEPTFORD,PSEG,39.862,-75.133,13.459,0,-0.420,-1.378,-1.889,-1.666,-0.522,-0.918,-1.576
SAMPTON,PSEG,39.949,-74.641,13.489,0,-0.347,-1.253,-1.529,-1.387,-0.536,-0.800,-1.227
ATCO,AECO,39.755,-74.831,13.687,0,-0.383,-1.353,-1.760,-1.507,-0.583,-0.868,-1.305
TERRACE,AECO,39.782,-75.058,13.985,0,-0.300,-1.157,-1.332,-1.378,-0.408,-0.730,-1.017
NEWPROSP,JCPL,41.039,-74.531,14.467,0,-0.091,-0.716,-0.512,-0.346,-0.156,-0.305,-0.416
WOODBURY,PSEG,39.821,-75.140,15.189,0,-0.452,-1.182,-1.384,-1.474,-0.426,-0.796,-1.280
SICKLER,AECO,39.733,-74.977,15.273,0,-0.524,-1.627,-2.308,-1.723,-0.829,-1.215,-1.967
HOPEWEL1,PSEG,40.303,-74.826,15.408,0,-0.071,,,,,,
COOKSTOW,JCPL,40.033,-74.557,15.609,0,-0.195,-0.923,-0.886,-0.913,-0.307,-0.439,-0.645
DEVILSBR,PSEG,40.787,-74.782,15.725,0,-0.087,-0.496,-0.420,-0.352,-0.251,-0.282,-1.091
LEISUREV,JCPL,39.941,-74.142,15.928,0,-0.005,-0.604,-0.310,-0.342,-0.158,-2.322,0.090
THOROFAR,PSEG,39.859,-75.186,16.074,0,-0.444,-1.417,-2.015,-1.765,-0.546,-0.939,-1.657
DRAKESTO,JCPL,40.885,-74.756,16.204,0,0.182,0.118,1.174,0.647,-0.278,0.005,0.085
EGGHARBO,AECO,39.590,-74.582,16.274,0,-0.075,-0.713,-0.502,-0.868,0.106,-0.039,0.290
SMAWA,RECO,41.135,-74.308,16.406,0,0.370,2.594,1.784,2.958,2.025,3.203,0.608
NEWDOVER,PSEG,40.947,-74.732,16.749,0,-0.021,-0.372,-0.115,0.190,-0.158,0.073,0.287
MANITOU,JCPL,39.961,-74.261,17.255,0,0.007,-0.589,-0.242,-0.370,-0.124,-0.079,0.192
CARNEYPT,AECO,39.757,-75.122,17.450,0,-0.381,-1.380,-1.810,-1.728,,,
MOTTS,AECO,39.619,-74.335,17.774,0,0.062,-0.540,-0.281,-0.644,0.098,0.024,0.339
MANTUA,AECO,39.794,-75.177,17.892,0,-0.323,-1.310,-1.829,-1.582,-0.431,-0.749,-1.281
SAYRECON,JCPL,40.693,-74.938,18.002,0,0.029,-0.687,-0.200,1.031,-0.079,-0.037,0.420
TABERNAC,AECO,39.801,-74.613,18.067,0,-0.320,-1.230,-1.435,-1.360,-0.494,-0.746,-1.100
MANCHEST,JCPL,40.027,-74.364,18.073,0,-0.048,-0.669,-0.415,-0.449,-0.221,-0.215,-0.166
WINSLOW,AECO,39.681,-74.845,18.565,0,-0.447,-1.444,-1.986,-1.603,-0.670,-1.040,-1.496
DOROTHY,AECO,39.413,-74.796,18.579,0,-0.243,-1.132,-1.272,-1.265,-0.268,-0.546,-0.761
SEAISLE,AECO,39.173,-74.677,18.583,0,-0.039,-0.867,-0.472,-1.065,0.080,-0.169,-0.327
CROWNPNT,AECO,39.835,-75.234,19.064,0,-0.513,-1.488,-2.288,-1.853,-0.577,-0.952,-1.788
ELASTIMO,JCPL,40.832,-74.826,19.347,0,-0.029,-0.344,0.186,0.406,-0.575,-0.213,-0.905
CORSON,AECO,39.191,-74.736,19.960,0,-0.055,-0.896,-0.544,-1.088,0.047,-0.207,-0.355
POHATCON,JCPL,40.794,-74.898,20.010,0,-0.116,-0.450,-0.023,0.333,-0.705,-0.525,-1.313
LAMB,AECO,39.724,-75.149,20.132,0,-0.292,-1.105,-1.232,-1.353,-0.375,-0.699,-1.007
TUCKAHOE,AECO,39.261,-74.809,20.747,0,-0.118,-0.999,-0.781,-1.080,0.019,-0.238,-0.334
MICKLETO,AECO,39.789,-75.239,20.808,0,-0.435,-1.435,-2.070,-1.786,-0.569,-0.928,-1.659
LAKEAVEN,AECO,39.894,-74.247,20.856,0,0.188,-0.399,0.467,-0.739,0.533,0.349,0.779
GLASSBOR,AECO,39.692,-75.125,21.125,0,-0.331,-1.216,-1.494,-1.432,-0.466,-0.803,-1.152
ROCKTOWN,JCPL,40.405,-74.947,21.415,0,-0.170,-0.821,-0.780,-0.936,-0.801,-0.584,-0.887
BRIDGEPO,AECO,40.561,-75.030,21.660,0,-0.477,-1.544,-2.168,-1.539,,,
DOTWWHAR,JCPL,40.948,-74.838,21.692,0,0.013,-0.332,0.459,0.472,-0.404,-0.055,-0.430
WHITINGS,JCPL,39.947,-74.452,22.011,0,0.005,-0.597,-0.256,-0.380,-0.142,-0.091,0.289
VALERO,AECO,39.829,-75.294,22.218,0,-0.405,-1.405,-1.966,-1.729,-0.537,-0.876,-1.567
DACOSTA,AECO,39.604,-74.746,22.225,0,-0.112,-0.812,-0.714,-0.994,-0.014,-0.187,0.000
SILVERLA,AECO,39.631,-75.004,22.470,0,-0.421,-1.426,-1.890,-1.559,-0.649,-0.967,-1.439
WARRENPT,PSEG,40.884,-74.894,23.246,0,0.451,3.037,2.872,1.883,0.723,0.697,1.604
CLAYTNAE,AECO,39.649,-75.126,23.703,0,-0.414,-1.389,-1.872,-1.617,-0.623,-0.986,-1.522
FRANKLAK,RECO,41.178,-74.558,23.821,0,0.567,2.768,2.538,3.012,2.375,3.599,1.238
OYSTERCR,JCPL,39.817,-74.121,24.175,0,0.002,-0.601,-0.239,-0.436,-0.123,-0.086,0.175
WASHINGT,AECO,40.709,-75.070,24.918,0,-0.333,-1.202,-1.534,-1.428,-0.456,-0.792,-1.122
LINCOLN1,AECO,39.701,-75.248,24.929,0,-0.076,-0.978,-0.689,-1.114,0.097,-0.241,-0.487
PEQUESTR,JCPL,40.815,-75.002,25.122,0,0.012,0.104,0.219,0.421,-0.807,-0.515,-1.047
MOSSMILL,AECO,39.570,-74.852,25.176,0,-0.079,-0.788,-0.567,-0.894,0.031,-0.126,0.028
GILBERT,JCPL,40.647,-75.096,25.251,0,-0.058,0.046,0.270,0.360,-1.046,-0.712,-1.696
SWAINTON,AECO,39.196,-74.878,26.051,0,-0.007,-0.777,-0.394,-1.034,0.121,0.015,1.093
MONSANTO,AECO,39.813,-75.367,26.216,0,-0.219,-1.074,-1.379,-1.423,-0.136,-0.463,-0.783
BECKETT,AECO,39.754,-75.331,26.259,0,-0.314,-1.220,-1.496,-1.390,-0.242,-0.562,-1.006
MINOTOLA,AECO,39.506,-74.923,26.718,0,-0.325,-1.277,-1.560,-1.411,-0.408,-0.733,-1.081
COURT,AECO,39.119,-74.823,26.732,0,0.121,-0.540,0.167,-0.829,0.392,0.259,1.052
PEERMONT,AECO,39.073,-74.763,26.860,0,0.117,-0.530,0.166,-0.852,0.378,0.248,1.091
NEWTON,JCPL,41.132,-74.773,26.917,0,-0.091,-0.602,0.056,0.416,-0.469,-0.418,-1.118
MANNMILL,AECO,39.562,-74.986,26.966,0,,,-1.458,-1.341,-0.223,-0.603,-0.904
WIND JC,JCPL,40.909,-74.970,27.451,0,0.137,-0.867,-0.908,-0.583,-0.540,-0.611,-1.054
BARNEGAT,AECO,39.754,-74.264,27.878,0,0.009,-0.608,-0.414,-0.622,-0.000,-0.058,0.251
UNION,AECO,39.292,-74.963,27.963,0,-0.115,-1.037,-0.815,-1.162,0.023,-0.313,-0.616
SMILLVIL,AECO,39.569,-75.117,28.469,0,0.145,-0.629,0.014,-0.826,0.527,0.283,0.426
KITTATIN,JCPL,41.053,-74.948,30.171,0,-0.124,-0.318,0.003,0.421,-1.118,-0.834,-1.665
OLDMAN,AECO,39.739,-75.411,30.472,0,-0.234,-1.093,-1.365,-1.448,-0.191,-0.542,-0.893
VINELAND,AECO,39.492,-75.003,30.530,0,0.073,-0.767,-0.136,-0.925,0.450,0.178,-0.069
CUMB AE,AECO,39.366,-75.027,30.764,0,-0.130,-1.060,-0.863,-1.188,0.002,-0.338,-0.665
WOODSTOW,AECO,39.639,-75.330,31.002,0,-0.257,-1.213,-1.262,-1.299,-0.181,-0.491,-0.713
COLUMBJC,JCPL,40.919,-75.068,32.394,0,-0.054,-0.089,0.123,0.422,-0.915,-0.667,-1.509
RIOGRAND,AECO,39.015,-74.886,34.214,0,0.134,-0.513,0.263,-0.799,0.444,0.238,0.584
SHERMAN,AECO,39.475,-75.127,34.660,0,-0.044,-0.929,-0.587,-1.072,0.163,-0.179,-0.385
CHAMBERS,AECO,39.696,-75.474,34.835,0,-0.471,-1.568,-2.152,-1.650,-0.578,-0.962,-1.530
VALEPKTP,AECO,39.297,-75.142,37.343,0,,-1.130,-1.946,-1.704,-0.527,-0.863,-1.537
QUINTON,AECO,39.545,-75.397,38.144,0,-0.146,-0.967,-0.881,-1.215,0.053,-0.232,-0.128
CAPEMAY,AECO,38.956,-74.940,39.163,0,0.250,-0.263,0.698,-0.690,0.580,0.407,0.905
CHURCHTO,AECO,39.619,-75.516,39.582,0,-0.471,-1.562,-2.105,-1.637,-0.534,-0.921,-1.454
LAUREL,AECO,39.439,-75.261,39.898,0,0.120,-0.552,0.071,-0.752,0.533,0.241,0.485
ROADSTOW,AECO,39.429,-75.330,42.313,0,-0.017,-0.726,-0.330,-0.841,0.354,0.041,0.269
SALEM,PSEG,39.470,-75.490,45.330,0,-0.656,-2.040,-2.892,-2.052,-1.085,-1.496,-2.367
